,fk_id_categoria,nome_cientifico,ano
0,3.0,Harpia harpyja,2014
1,3.0,Harpia harpyja,2021
2,3.0,Morphnus guianensis,2014
3,3.0,Morphnus guianensis,2021
4,4.0,Urubitinga coronata,2014
5,4.0,Urubitinga coronata,2021
6,3.0,Amadonastur lacernulatus,2014
7,3.0,Amadonastur lacernulatus,2021
8,3.0,Circus cinereus,2014
9,3.0,Circus cinereus,2021
10,4.0,Leptodon forbesi,2014
11,4.0,Leptodon forbesi,2021
12,3.0,Achirus mucuri,2014
13,3.0,Achirus mucuri,2021
14,4.0,Condylactis gigantea,2014
15,4.0,Condylactis gigantea,2021
16,5.0,Aegla franca,2014
17,5.0,Aegla franca,2021
18,3.0,Aegla leptodactyla,2014
19,3.0,Aegla leptodactyla,2021
20,5.0,Aegla perobae,2014
21,5.0,Aegla perobae,2021
22,5.0,Aegla renana,2014
23,5.0,Aegla renana,2021
24,5.0,Aegla cavernicola,2014
25,5.0,Aegla cavernicola,2021
26,5.0,Aegla leptochela,2014
27,5.0,Aegla leptochela,2021
28,5.0,Aegla microphthalma,2014
29,5.0,Aegla microphthalma,2021
30,,Aegla charon,2014
31,5.0,Aegla charon,2021
32,5.0,Aegla brevipalma,2014
33,5.0,Aegla brevipalma,2021
34,4.0,Aegla camargoi,2014
35,4.0,Aegla camargoi,2021
36,3.0,Aegla inconspicua,2014
37,3.0,Aegla inconspicua,2021
38,4.0,Aegla inermis,2014
39,4.0,Aegla inermis,2021
40,4.0,Aegla itacolomiensis,2014
41,4.0,Aegla itacolomiensis,2021
42,4.0,Aegla leachi,2014
43,4.0,Aegla leachi,2021
44,4.0,Aegla manuinflata,2014
45,4.0,Aegla manuinflata,2021
46,4.0,Aegla oblata,2014
47,4.0,Aegla oblata,2021
48,4.0,Aegla obstipa,2014
49,4.0,Aegla obstipa,2021
50,4.0,Aegla violacea,2014
51,4.0,Aegla violacea,2021
52,5.0,Cardisoma guanhumi,2014
53,3.0,Cardisoma guanhumi,2021
54,4.0,Johngarthia lagostoma,2014
55,4.0,Johngarthia lagostoma,2021
56,3.0,Castoraeschna januaria,2014
57,3.0,Castoraeschna januaria,2021
58,4.0,Rhionaeschna eduardoi,2014
59,4.0,Rhionaeschna eduardoi,2021
60,3.0,Phyllocycla bartica,2014
61,3.0,Phyllocycla bartica,2021
62,4.0,Elasmothemis schubarti,2014
63,4.0,Elasmothemis schubarti,2021
64,3.0,Macrothemis tessellata,2014
65,3.0,Macrothemis tessellata,2021
66,3.0,Micrathyria borgmeieri,2014
67,3.0,Micrathyria borgmeieri,2021
68,3.0,Micrathyria divergens,2014
69,3.0,Micrathyria divergens,2021
70,4.0,Heteragrion petiense,2014
71,4.0,Heteragrion petiense,2021
72,3.0,Alopias superciliosus,2014
73,4.0,Alopias superciliosus,2021
74,3.0,Alopias vulpinus,2014
75,5.0,Alopias vulpinus,2021
76,5.0,Cetorhinus maximus,2014
77,5.0,Cetorhinus maximus,2021
78,3.0,Carcharodon carcharias,2014
79,3.0,Carcharodon carcharias,2021
80,5.0,Carcharias taurus,2014
81,5.0,Carcharias taurus,2021
82,4.0,Amphisbaena arda,2014
83,4.0,Amphisbaena arda,2021
84,4.0,Amphisbaena frontalis,2014
85,4.0,Amphisbaena frontalis,2021
86,4.0,Amphisbaena nigricauda,2014
87,4.0,Amphisbaena nigricauda,2021
88,4.0,Amphisbaena supernumeraria,2014
89,4.0,Amphisbaena supernumeraria,2021
90,4.0,Amphisbaena uroxena,2014
91,4.0,Amphisbaena uroxena,2021
92,3.0,Leposternon kisteumacheri,2014
93,3.0,Leposternon kisteumacheri,2021
94,4.0,Leposternon octostegum,2014
95,4.0,Leposternon octostegum,2021
96,4.0,Leposternon scutigerum,2014
97,4.0,Leposternon scutigerum,2021
98,3.0,Corallus cropanii,2014
99,3.0,Corallus cropanii,2021
100,3.0,Dactyloa nasofrontalis,2014
101,3.0,Dactyloa nasofrontalis,2021
102,3.0,Dactyloa pseudotigrina,2014
103,3.0,Dactyloa pseudotigrina,2021
104,4.0,Apostolepis gaboi,2014
105,4.0,Apostolepis gaboi,2021
106,4.0,Apostolepis striata,2014
107,4.0,Apostolepis striata,2021
108,4.0,Atractus ronnie,2014
109,4.0,Atractus ronnie,2021
110,3.0,Echinanthera cephalomaculata,2014
111,3.0,Echinanthera cephalomaculata,2021
112,4.0,Phalotris multipunctatus,2014
113,4.0,Phalotris multipunctatus,2021
114,4.0,Rodriguesophis chui,2014
115,4.0,Rodriguesophis chui,2021
116,4.0,Rodriguesophis scriptorcibatus,2014
117,4.0,Rodriguesophis scriptorcibatus,2021
118,4.0,Apostolepis arenaria,2014
119,4.0,Apostolepis arenaria,2021
120,4.0,Apostolepis quirogai,2014
121,4.0,Apostolepis quirogai,2021
122,4.0,Atractus caete,2014
123,4.0,Atractus caete,2021
124,4.0,Atractus thalesdelemai,2014
125,4.0,Atractus thalesdelemai,2021
126,4.0,Calamodontophis ronaldoi,2014
127,4.0,Calamodontophis ronaldoi,2021
128,3.0,Ditaxodon taeniatus,2014
129,3.0,Ditaxodon taeniatus,2021
130,3.0,Philodryas livida,2014
131,3.0,Philodryas livida,2021
132,5.0,Bachia psamophila,2014
133,5.0,Bachia psamophila,2021
134,4.0,Calyptommatus leiolepis,2014
135,4.0,Calyptommatus leiolepis,2021
136,4.0,Leposoma baturitensis,2014
137,4.0,Leposoma baturitensis,2021
138,4.0,Leposoma puk,2014
139,4.0,Leposoma puk,2021
140,4.0,Bachia didactyla,2014
141,4.0,Bachia didactyla,2021
142,4.0,Calyptommatus nicterus,2014
143,4.0,Calyptommatus nicterus,2021
144,4.0,Calyptommatus sinebrachiatus,2014
145,4.0,Calyptommatus sinebrachiatus,2021
146,4.0,Colobodactylus dalcyanus,2014
147,4.0,Colobodactylus dalcyanus,2021
148,3.0,Heterodactylus lundii,2014
149,3.0,Heterodactylus lundii,2021
150,4.0,Heterodactylus septentrionalis,2014
151,4.0,Heterodactylus septentrionalis,2021
152,3.0,Leposoma annectans,2014
153,3.0,Leposoma annectans,2021
154,4.0,Leposoma nanodactylus,2014
155,4.0,Leposoma nanodactylus,2021
156,4.0,Placosoma cipoense,2014
157,4.0,Placosoma cipoense,2021
158,4.0,Procellosaurinus tetradactylus,2014
159,4.0,Procellosaurinus tetradactylus,2021
160,5.0,Enyalius erythroceneus,2014
161,5.0,Enyalius erythroceneus,2021
162,5.0,Liolaemus lutzae,2014
163,5.0,Liolaemus lutzae,2021
164,4.0,Liolaemus arambarensis,2014
165,4.0,Liolaemus arambarensis,2021
166,3.0,Liolaemus occipitalis,2014
167,3.0,Liolaemus occipitalis,2021
168,4.0,Brasiliscincus caissara,2014
169,4.0,Brasiliscincus caissara,2021
170,3.0,Homonota uruguayensis,2014
171,3.0,Homonota uruguayensis,2021
172,4.0,Gonatodes tapajonicus,2014
173,4.0,Gonatodes tapajonicus,2021
174,4.0,Coleodactylus natalensis,2014
175,4.0,Coleodactylus natalensis,2021
176,4.0,Ameivula nativo,2014
177,4.0,Ameivula nativo,2021
178,3.0,Contomastix vacariensis,2014
179,3.0,Contomastix vacariensis,2021
180,3.0,Kentropyx vanzoi,2014
181,3.0,Kentropyx vanzoi,2021
182,4.0,Ameiva parecis,2014
183,4.0,Ameiva parecis,2021
184,4.0,Glaucomastix abaetensis,2014
185,4.0,Glaucomastix abaetensis,2021
186,4.0,Glaucomastix littoralis,2014
187,4.0,Glaucomastix littoralis,2021
188,3.0,Tropidophis grapiuna,2014
189,3.0,Tropidophis grapiuna,2021
190,4.0,Eurolophosaurus amathites,2014
191,4.0,Eurolophosaurus amathites,2021
192,3.0,Stenocercus dumerilii,2014
193,3.0,Stenocercus dumerilii,2021
194,3.0,Tropidurus erythrocephalus,2014
195,3.0,Tropidurus erythrocephalus,2021
196,5.0,Tropidurus imbituba,2014
197,5.0,Tropidurus imbituba,2021
198,4.0,Tropidurus psammonastes,2014
199,4.0,Tropidurus psammonastes,2021
200,4.0,Stenocercus azureus,2014
201,4.0,Stenocercus azureus,2021
202,3.0,Tropidurus hygomi,2014
203,3.0,Tropidurus hygomi,2021
204,5.0,Bothrops alcatraz,2014
205,5.0,Bothrops alcatraz,2021
206,4.0,Bothrops muriciensis,2014
207,4.0,Bothrops muriciensis,2021
208,4.0,Bothrops pirajai,2014
209,4.0,Bothrops pirajai,2021
210,5.0,Bothrops insularis,2014
211,5.0,Bothrops insularis,2021
212,5.0,Bothrops otavioi,2014
213,5.0,Bothrops otavioi,2021
214,4.0,Pomacea sordida,2014
215,4.0,Pomacea sordida,2021
216,5.0,Potamolithus karsticus,2014
217,5.0,Potamolithus karsticus,2021
218,5.0,Potamolithus troglobius,2014
219,5.0,Potamolithus troglobius,2021
220,4.0,Jenynsia sanctaecatarinae,2014
221,4.0,Jenynsia sanctaecatarinae,2021
222,5.0,Cnesterodon iguape,2014
223,5.0,Cnesterodon iguape,2021
224,5.0,Phalloptychus eigenmanni,2014
225,5.0,Phalloptychus eigenmanni,2021
226,4.0,Phallotorynus fasciolatus,2014
227,7.0,Phallotorynus fasciolatus,2021
228,3.0,Cnesterodon carnegiei,2014
229,3.0,Cnesterodon carnegiei,2021
230,4.0,Cnesterodon omorgmatos,2014
231,5.0,Cnesterodon omorgmatos,2021
232,5.0,Anablepsoides cearensis,2014
233,5.0,Anablepsoides cearensis,2021
234,5.0,Atlantirivulus nudiventris,2014
235,5.0,Atlantirivulus nudiventris,2021
236,5.0,Austrolebias univentripinnis,2014
237,5.0,Austrolebias univentripinnis,2021
238,3.0,Cynopoecilus intimus,2014
239,3.0,Cynopoecilus intimus,2021
240,3.0,Maratecoara formosa,2014
241,3.0,Maratecoara formosa,2021
242,3.0,Melanorivulus illuminatus,2014
243,3.0,Melanorivulus illuminatus,2021
244,4.0,Melanorivulus scalaris,2014
245,4.0,Melanorivulus scalaris,2021
246,5.0,Nematolebias whitei,2014
247,5.0,Nematolebias whitei,2021
248,4.0,Plesiolebias xavantei,2014
249,4.0,Plesiolebias xavantei,2021
250,4.0,Hypsolebias flammeus,2014
251,4.0,Hypsolebias flammeus,2021
252,5.0,Hypsolebias multiradiatus,2014
253,5.0,Hypsolebias multiradiatus,2021
254,5.0,Kryptolebias campelloi,2014
255,5.0,Kryptolebias campelloi,2021
256,3.0,Maratecoara splendida,2014
257,3.0,Maratecoara splendida,2021
258,3.0,Melanorivulus crixas,2014
259,3.0,Melanorivulus crixas,2021
260,3.0,Melanorivulus karaja,2014
261,3.0,Melanorivulus karaja,2021
262,3.0,Melanorivulus kayapo,2014
263,3.0,Melanorivulus kayapo,2021
264,3.0,Melanorivulus kunzei,2014
265,3.0,Melanorivulus kunzei,2021
266,3.0,Melanorivulus rubromarginatus,2014
267,3.0,Melanorivulus rubromarginatus,2021
268,3.0,Melanorivulus salmonicaudus,2014
269,3.0,Melanorivulus salmonicaudus,2021
270,3.0,Melanorivulus ubirajarai,2014
271,3.0,Melanorivulus ubirajarai,2021
272,5.0,Pituna xinguensis,2014
273,5.0,Pituna xinguensis,2021
274,3.0,Plesiolebias canabravensis,2014
275,3.0,Plesiolebias canabravensis,2021
276,5.0,Spectrolebias reticulatus,2014
277,5.0,Spectrolebias reticulatus,2021
278,4.0,Trigonectes strigabundus,2014
279,4.0,Trigonectes strigabundus,2021
280,5.0,Atlantirivulus lazzarotoi,2014
281,5.0,Atlantirivulus lazzarotoi,2021
282,5.0,Atlantirivulus maricensis,2014
283,5.0,Atlantirivulus maricensis,2021
284,4.0,Atlantirivulus simplicis,2014
285,4.0,Atlantirivulus simplicis,2021
286,4.0,Austrolebias adloffi,2014
287,4.0,Austrolebias adloffi,2021
288,5.0,Austrolebias alexandri,2014
289,4.0,Austrolebias alexandri,2021
290,5.0,Austrolebias arachan,2014
291,3.0,Austrolebias arachan,2021
292,5.0,Austrolebias carvalhoi,2014
293,5.0,Austrolebias carvalhoi,2021
294,5.0,Austrolebias cheradophilus,2014
295,5.0,Austrolebias cheradophilus,2021
296,5.0,Austrolebias cyaneus,2014
297,4.0,Austrolebias cyaneus,2021
298,5.0,Austrolebias ibicuiensis,2014
299,4.0,Austrolebias ibicuiensis,2021
300,5.0,Austrolebias jaegari,2014
301,5.0,Austrolebias jaegari,2021
302,5.0,Austrolebias litzi,2014
303,3.0,Austrolebias litzi,2021
304,4.0,Austrolebias nachtigalli,2014
305,3.0,Austrolebias nachtigalli,2021
306,3.0,Austrolebias nigrofasciatus,2014
307,4.0,Austrolebias nigrofasciatus,2021
308,3.0,Austrolebias paucisquama,2014
309,3.0,Austrolebias paucisquama,2021
310,3.0,Austrolebias varzeae,2014
311,5.0,Austrolebias varzeae,2021
312,4.0,Campellolebias brucei,2014
313,5.0,Campellolebias brucei,2021
314,5.0,Campellolebias chrysolineatus,2014
315,5.0,Campellolebias chrysolineatus,2021
316,5.0,Campellolebias dorsimaculatus,2014
317,5.0,Campellolebias dorsimaculatus,2021
318,5.0,Campellolebias intermedius,2014
319,5.0,Campellolebias intermedius,2021
320,5.0,Cynolebias griseus,2014
321,4.0,Cynolebias griseus,2021
322,5.0,Cynolebias leptocephalus,2014
323,4.0,Cynolebias leptocephalus,2021
324,0.0,Cynolebias parnaibensis,2014
325,5.0,Cynolebias parnaibensis,2021
326,3.0,Hypsolebias adornatus,2014
327,5.0,Hypsolebias adornatus,2021
328,3.0,Hypsolebias alternatus,2014
329,4.0,Hypsolebias alternatus,2021
330,5.0,Hypsolebias auratus,2014
331,5.0,Hypsolebias auratus,2021
332,3.0,Hypsolebias brunoi,2014
333,3.0,Hypsolebias brunoi,2021
334,5.0,Hypsolebias carlettoi,2014
335,4.0,Hypsolebias carlettoi,2021
336,0.0,Hypsolebias delucai,2014
337,3.0,Hypsolebias delucai,2021
338,3.0,Hypsolebias fasciatus,2014
339,3.0,Hypsolebias fasciatus,2021
340,5.0,Hypsolebias flavicaudatus,2014
341,4.0,Hypsolebias flavicaudatus,2021
342,5.0,Hypsolebias fulminantis,2014
343,5.0,Hypsolebias fulminantis,2021
344,5.0,Hypsolebias ghisolfii,2014
345,4.0,Hypsolebias ghisolfii,2021
346,3.0,Hypsolebias gibberatus,2014
347,3.0,Hypsolebias gibberatus,2021
348,2.0,Hypsolebias gilbertobrasili,2014
349,5.0,Hypsolebias gilbertobrasili,2021
350,3.0,Hypsolebias guanambi,2014
351,3.0,Hypsolebias guanambi,2021
352,3.0,Hypsolebias harmonicus,2014
353,3.0,Hypsolebias harmonicus,2021
354,4.0,Hypsolebias hellneri,2014
355,4.0,Hypsolebias hellneri,2021
356,5.0,Hypsolebias igneus,2014
357,4.0,Hypsolebias igneus,2021
358,5.0,Hypsolebias janaubensis,2014
359,5.0,Hypsolebias janaubensis,2021
360,3.0,Hypsolebias longignatus,2014
361,3.0,Hypsolebias longignatus,2021
362,3.0,Hypsolebias lopesi,2014
363,5.0,Hypsolebias lopesi,2021
364,5.0,Hypsolebias macaubensis,2014
365,4.0,Hypsolebias macaubensis,2021
366,4.0,Hypsolebias magnificus,2014
367,4.0,Hypsolebias magnificus,2021
368,3.0,Hypsolebias mediopapillatus,2014
369,3.0,Hypsolebias mediopapillatus,2021
370,4.0,Hypsolebias nielseni,2014
371,4.0,Hypsolebias nielseni,2021
372,4.0,Hypsolebias notatus,2014
373,4.0,Hypsolebias notatus,2021
374,0.0,Hypsolebias nudiorbitatus,2014
375,3.0,Hypsolebias nudiorbitatus,2021
376,3.0,Hypsolebias picturatus,2014
377,4.0,Hypsolebias picturatus,2021
378,0.0,Hypsolebias radiseriatus,2014
379,4.0,Hypsolebias radiseriatus,2021
380,5.0,Hypsolebias rufus,2014
381,5.0,Hypsolebias rufus,2021
382,4.0,Hypsolebias stellatus,2014
383,4.0,Hypsolebias stellatus,2021
384,3.0,Hypsolebias trilineatus,2014
385,5.0,Hypsolebias trilineatus,2021
386,5.0,Hypsolebias virgulatus,2014
387,5.0,Hypsolebias virgulatus,2021
388,5.0,Kryptolebias brasiliensis,2014
389,4.0,Kryptolebias brasiliensis,2021
390,5.0,Kryptolebias gracilis,2014
391,5.0,Kryptolebias gracilis,2021
392,5.0,Leptopanchax citrinipinnis,2014
393,5.0,Leptopanchax citrinipinnis,2021
394,5.0,Leptopanchax itanhaensis,2014
395,5.0,Leptopanchax itanhaensis,2021
396,5.0,Leptolebias marmoratus,2014
397,5.0,Leptolebias marmoratus,2021
398,5.0,Leptopanchax opalescens,2014
399,5.0,Leptopanchax opalescens,2021
400,5.0,Leptopanchax splendens,2014
401,5.0,Leptopanchax splendens,2021
402,4.0,Melanorivulus pinima,2014
403,4.0,Melanorivulus pinima,2021
404,3.0,Melanorivulus rutilicaudus,2014
405,3.0,Melanorivulus rutilicaudus,2021
406,4.0,Melanorivulus vittatus,2014
407,4.0,Melanorivulus vittatus,2021
408,5.0,Nematolebias catimbau,2014
409,5.0,Nematolebias catimbau,2021
410,5.0,Nematolebias papilliferus,2014
411,5.0,Nematolebias papilliferus,2021
412,5.0,Notholebias cruzi,2014
413,5.0,Notholebias cruzi,2021
414,5.0,Notholebias fractifasciatus,2014
415,5.0,Notholebias fractifasciatus,2021
416,5.0,Notholebias minimus,2014
417,4.0,Notholebias minimus,2021
418,4.0,Notholebias vermiculatus,2014
419,5.0,Notholebias vermiculatus,2021
420,5.0,Ophthalmolebias bokermanni,2014
421,5.0,Ophthalmolebias bokermanni,2021
422,5.0,Ophthalmolebias constanciae,2014
423,5.0,Ophthalmolebias constanciae,2021
424,5.0,Ophthalmolebias ilheusensis,2014
425,4.0,Ophthalmolebias ilheusensis,2021
426,5.0,Ophthalmolebias perpendicularis,2014
427,5.0,Ophthalmolebias perpendicularis,2021
428,3.0,Ophthalmolebias rosaceus,2014
429,5.0,Ophthalmolebias rosaceus,2021
430,3.0,Ophthalmolebias suzarti,2014
431,3.0,Ophthalmolebias suzarti,2021
432,3.0,Pituna brevirostrata,2014
433,5.0,Pituna brevirostrata,2021
434,3.0,Simpsonichthys boitonei,2014
435,5.0,Simpsonichthys boitonei,2021
436,3.0,Simpsonichthys nigromaculatus,2014
437,3.0,Simpsonichthys nigromaculatus,2021
438,3.0,Simpsonichthys parallelus,2014
439,4.0,Simpsonichthys parallelus,2021
440,3.0,Simpsonichthys punctulatus,2014
441,5.0,Simpsonichthys punctulatus,2021
442,5.0,Simpsonichthys santanae,2014
443,4.0,Simpsonichthys santanae,2021
444,5.0,Simpsonichthys zonatus,2014
445,7.0,Simpsonichthys zonatus,2021
446,4.0,Xenurolebias myersi,2014
447,4.0,Xenurolebias myersi,2021
448,,Austrolebias camaquensis,2014
449,4.0,Austrolebias camaquensis,2021
450,,Austrolebias pelotapes,2014
451,5.0,Austrolebias pelotapes,2021
452,,Austrolebias pongondo,2014
453,4.0,Austrolebias pongondo,2021
454,,Cynolebias elegans,2014
455,5.0,Cynolebias elegans,2021
456,,Cynolebias gorutuba,2014
457,4.0,Cynolebias gorutuba,2021
458,,Cynopoecilus feltrini,2014
459,3.0,Cynopoecilus feltrini,2021
460,,Hypsolebias faouri,2014
461,3.0,Hypsolebias faouri,2021
462,,Simpsonichthys espinhacensis,2014
463,4.0,Simpsonichthys espinhacensis,2021
464,5.0,Moema piriana,2014
465,7.0,Moema piriana,2021
466,5.0,Hypsolebias marginatus,2014
467,7.0,Hypsolebias marginatus,2021
468,5.0,Hypsolebias tocantinensis,2014
469,5.0,Hypsolebias tocantinensis,2021
470,4.0,Simpsonichthys cholopteryx,2014
471,4.0,Simpsonichthys cholopteryx,2021
472,,Austrolebias araucarianus,2014
473,3.0,Austrolebias araucarianus,2021
474,,Austrolebias bagual,2014
475,5.0,Austrolebias bagual,2021
476,,Cynolebias akroa,2014
477,3.0,Cynolebias akroa,2021
478,,Hypsolebias gardneri,2014
479,4.0,Hypsolebias gardneri,2021
480,,Hypsolebias hamadryades,2014
481,5.0,Hypsolebias hamadryades,2021
482,,Hypsolebias shibattai,2014
483,3.0,Hypsolebias shibattai,2021
484,,Hypsolebias splendissimus,2014
485,3.0,Hypsolebias splendissimus,2021
486,,Austrolebias ephemerus,2014
487,4.0,Austrolebias ephemerus,2021
488,,Austrolebias quirogai,2014
489,5.0,Austrolebias quirogai,2021
490,5.0,Austrolebias cinereus,2014
491,5.0,Austrolebias cinereus,2021
492,5.0,Mergus octosetaceus,2014
493,5.0,Mergus octosetaceus,2021
494,3.0,Arhysosage cactorum,2014
495,3.0,Arhysosage cactorum,2021
496,4.0,Melipona rufiventris,2014
497,4.0,Melipona rufiventris,2021
498,4.0,Melipona scutellaris,2014
499,4.0,Melipona scutellaris,2021
500,4.0,Melipona capixaba,2014
501,4.0,Melipona capixaba,2021
502,4.0,Partamona littoralis,2014
503,4.0,Partamona littoralis,2021
504,4.0,Dinoponera lucida,2014
505,4.0,Dinoponera lucida,2021
506,4.0,Gnamptogenys wilsoni,2014
507,4.0,Gnamptogenys wilsoni,2021
508,3.0,Mycetophylax simplex,2014
509,3.0,Mycetophylax simplex,2021
510,3.0,Mycetomoellerius atlanticus,2014
511,3.0,Mycetomoellerius atlanticus,2021
512,3.0,Atta robusta,2014
513,3.0,Atta robusta,2021
514,4.0,Brachymyrmex micromegas,2014
515,3.0,Brachymyrmex micromegas,2021
516,4.0,Diaphoromyrma sofiae,2014
517,4.0,Diaphoromyrma sofiae,2021
518,3.0,Monomorium delabiei,2014
519,3.0,Monomorium delabiei,2021
520,5.0,Mycetagroicus urbanus,2014
521,5.0,Mycetagroicus urbanus,2021
522,4.0,Rhopalothrix plaumanni,2014
523,4.0,Rhopalothrix plaumanni,2021
524,5.0,Fulakora cleae,2014
525,5.0,Fulakora cleae,2021
526,3.0,Leporinus guttatus,2014
527,3.0,Leporinus guttatus,2021
528,5.0,Leporinus pitingai,2014
529,5.0,Leporinus pitingai,2021
530,4.0,Hypomasticus thayeri,2014
531,3.0,Hypomasticus thayeri,2021
532,4.0,Sartor tucuruiense,2014
533,4.0,Sartor tucuruiense,2021
534,4.0,Brycon devillei,2014
535,4.0,Brycon devillei,2021
536,4.0,Bryconamericus lambari,2014
537,4.0,Bryconamericus lambari,2021
538,4.0,Diapoma pyrrhopteryx,2014
539,4.0,Diapoma pyrrhopteryx,2021
540,5.0,Henochilus wheatlandii,2014
541,5.0,Henochilus wheatlandii,2021
542,4.0,Hollandichthys taramandahy,2014
543,4.0,Hollandichthys taramandahy,2021
544,4.0,Rachoviscus crassiceps,2014
545,4.0,Rachoviscus crassiceps,2021
546,4.0,Spintherobolus leptoura,2014
547,4.0,Spintherobolus leptoura,2021
548,4.0,Stygichthys typhlops,2014
549,4.0,Stygichthys typhlops,2021
550,4.0,Brycon gouldingi,2014
551,4.0,Brycon gouldingi,2021
552,3.0,Ossubtus xinguense,2014
553,3.0,Ossubtus xinguense,2021
554,4.0,Rhinopetitia potamorhachia,2014
555,4.0,Rhinopetitia potamorhachia,2021
556,4.0,Brycon insignis,2014
557,4.0,Brycon insignis,2021
558,3.0,Brycon opalinus,2014
559,3.0,Brycon opalinus,2021
560,4.0,Spintherobolus broccae,2014
561,4.0,Spintherobolus broccae,2021
562,4.0,Brycon orbignyanus,2014
563,5.0,Brycon orbignyanus,2021
564,3.0,Hasemania crenuchoides,2014
565,4.0,Hasemania crenuchoides,2021
566,0.0,Hasemania maxillaris,2014
567,7.0,Hasemania maxillaris,2021
568,0.0,Hasemania melanura,2014
569,7.0,Hasemania melanura,2021
570,4.0,Hyphessobrycon duragenys,2014
571,4.0,Hyphessobrycon duragenys,2021
572,4.0,Hyphessobrycon flammeus,2014
573,4.0,Hyphessobrycon flammeus,2021
574,0.0,Hyphessobrycon taurocephalus,2014
575,7.0,Hyphessobrycon taurocephalus,2021
576,5.0,Spintherobolus papilliferus,2014
577,4.0,Spintherobolus papilliferus,2021
578,5.0,Astyanax eremus,2014
579,5.0,Astyanax eremus,2021
580,,Hasemania uberaba,2014
581,4.0,Hasemania uberaba,2021
582,4.0,Brycon vermelha,2014
583,4.0,Brycon vermelha,2021
584,4.0,Hasemania piatan,2014
585,4.0,Hasemania piatan,2021
586,5.0,Kolpotocheirodon figueiredoi,2014
587,5.0,Kolpotocheirodon figueiredoi,2021
588,4.0,Lepidocharax diamantina,2014
589,4.0,Lepidocharax diamantina,2021
590,3.0,Mimagoniates lateralis,2014
591,3.0,Mimagoniates lateralis,2021
592,4.0,Mimagoniates sylvicola,2014
593,4.0,Mimagoniates sylvicola,2021
594,4.0,Rachoviscus graciliceps,2014
595,4.0,Rachoviscus graciliceps,2021
596,3.0,Spintherobolus ankoseion,2014
597,3.0,Spintherobolus ankoseion,2021
598,5.0,Characidium vestigipinne,2014
599,5.0,Characidium vestigipinne,2021
600,4.0,Melanocharacidium nigrum,2014
601,4.0,Melanocharacidium nigrum,2021
602,5.0,Characidium grajahuensis,2014
603,5.0,Characidium grajahuensis,2021
604,3.0,Roestes itupiranga,2014
605,3.0,Roestes itupiranga,2021
606,3.0,Lebiasina melanoguttata,2014
607,3.0,Lebiasina melanoguttata,2021
608,3.0,Lebiasina marilynae,2014
609,3.0,Lebiasina marilynae,2021
610,3.0,Lebiasina minuta,2014
611,3.0,Lebiasina minuta,2021
612,4.0,Apareiodon davisi,2014
613,4.0,Apareiodon davisi,2021
614,4.0,Prochilodus britskii,2014
615,4.0,Prochilodus britskii,2021
616,3.0,Prochilodus vimboides,2014
617,3.0,Prochilodus vimboides,2021
618,4.0,Myloplus tiete,2014
619,4.0,Myloplus tiete,2021
620,4.0,Mylesinus paucisquamatus,2014
621,4.0,Mylesinus paucisquamatus,2021
622,4.0,Sternarchella curvioperculata,2014
623,4.0,Sternarchella curvioperculata,2021
624,4.0,Sternarchorhynchus britskii,2014
625,4.0,Sternarchorhynchus britskii,2021
626,5.0,Tembeassu marauna,2014
627,5.0,Tembeassu marauna,2021
628,3.0,Sternarchogiton zuanoni,2014
629,4.0,Sternarchogiton zuanoni,2021
630,3.0,Sternarchorhynchus caboclo,2014
631,3.0,Sternarchorhynchus caboclo,2021
632,5.0,Sternarchorhynchus higuchii,2014
633,5.0,Sternarchorhynchus higuchii,2021
634,3.0,Sternarchorhynchus inpai,2014
635,3.0,Sternarchorhynchus inpai,2021
636,5.0,Sternarchorhynchus jaimei,2014
637,5.0,Sternarchorhynchus jaimei,2021
638,3.0,Sternarchorhynchus kokraimoro,2014
639,4.0,Sternarchorhynchus kokraimoro,2021
640,3.0,Sternarchorhynchus mareikeae,2014
641,3.0,Sternarchorhynchus mareikeae,2021
642,3.0,Sternarchorhynchus severii,2014
643,3.0,Sternarchorhynchus severii,2021
644,3.0,Sternarchorhynchus villasboasi,2014
645,4.0,Sternarchorhynchus villasboasi,2021
646,3.0,Eigenmannia vicentespelaea,2014
647,3.0,Eigenmannia vicentespelaea,2021
648,1.0,Archolaemus ferreirai,2014
649,3.0,Archolaemus ferreirai,2021
650,2.0,Archolaemus santosi,2014
651,3.0,Archolaemus santosi,2021
652,3.0,Tigrisoma fasciatum,2014
653,3.0,Tigrisoma fasciatum,2021
654,5.0,Paragenidens grandoculis,2014
655,5.0,Paragenidens grandoculis,2021
656,5.0,Genidens planifrons,2014
657,5.0,Genidens planifrons,2021
658,4.0,Genidens barbus,2014
659,4.0,Genidens barbus,2021
660,3.0,Sciades parkeri,2014
661,3.0,Sciades parkeri,2021
662,4.0,Corydoras lacerdai,2014
663,4.0,Corydoras lacerdai,2021
664,4.0,Scleromystax macropterus,2014
665,4.0,Scleromystax macropterus,2021
666,4.0,Kalyptodoras bahiensis,2014
667,4.0,Kalyptodoras bahiensis,2021
668,4.0,Rhynchodoras xingui,2014
669,4.0,Rhynchodoras xingui,2021
670,3.0,Rhamdia jequitinhonha,2014
671,3.0,Rhamdia jequitinhonha,2021
672,3.0,Rhamdiopsis krugi,2014
673,3.0,Rhamdiopsis krugi,2021
674,4.0,Pimelodella spelaea,2014
675,4.0,Pimelodella spelaea,2021
676,4.0,Chasmocranus brachynemus,2014
677,4.0,Chasmocranus brachynemus,2021
678,7.0,Heptapterus multiradiatus,2014
679,7.0,Heptapterus multiradiatus,2021
680,3.0,Taunayia bifasciata,2014
681,3.0,Taunayia bifasciata,2021
682,4.0,Pimelodella kronei,2014
683,4.0,Pimelodella kronei,2021
684,3.0,Ancistrus formoso,2014
685,3.0,Ancistrus formoso,2021
686,5.0,Loricaria coximensis,2014
687,5.0,Loricaria coximensis,2021
688,3.0,Neoplecostomus botucatu,2014
689,3.0,Neoplecostomus botucatu,2021
690,5.0,Otothyris juquiae,2014
691,5.0,Otothyris juquiae,2021
692,5.0,Pareiorhaphis nasuta,2014
693,5.0,Pareiorhaphis nasuta,2021
694,4.0,Pareiorhaphis scutula,2014
695,4.0,Pareiorhaphis scutula,2021
696,4.0,Pogonopoma obscurum,2014
697,4.0,Pogonopoma obscurum,2021
698,4.0,Pogonopoma parahybae,2014
699,4.0,Pogonopoma parahybae,2021
700,5.0,Pseudotocinclus juquiae,2014
701,5.0,Pseudotocinclus juquiae,2021
702,4.0,Ancistrus minutus,2014
703,4.0,Ancistrus minutus,2021
704,4.0,Harttia depressa,2014
705,4.0,Harttia depressa,2021
706,5.0,Baryancistrus longipinnis,2014
707,5.0,Baryancistrus longipinnis,2021
708,5.0,Baryancistrus niveatus,2014
709,5.0,Baryancistrus niveatus,2021
710,3.0,Harttia dissidens,2014
711,3.0,Harttia dissidens,2021
712,3.0,Leporacanthicus joselimai,2014
713,3.0,Leporacanthicus joselimai,2021
714,3.0,Lithoxus lithoides,2014
715,3.0,Lithoxus lithoides,2021
716,3.0,Scobinancistrus aureatus,2014
717,3.0,Scobinancistrus aureatus,2021
718,3.0,Scobinancistrus pariolispos,2014
719,3.0,Scobinancistrus pariolispos,2021
720,5.0,Delturus parahybae,2014
721,5.0,Delturus parahybae,2021
722,0.0,Hypostomus subcarinatus,2014
723,5.0,Hypostomus subcarinatus,2021
724,2.0,Plesioptopoma curvidens,2014
725,5.0,Plesioptopoma curvidens,2021
726,5.0,Isbrueckerichthys saxicola,2014
727,4.0,Isbrueckerichthys saxicola,2021
728,5.0,Microlepidogaster perforatus,2014
729,5.0,Microlepidogaster perforatus,2021
730,4.0,Pseudotocinclus tietensis,2014
731,4.0,Pseudotocinclus tietensis,2021
732,,Harttia panara,2014
733,3.0,Harttia panara,2021
734,,Harttia villasboas,2014
735,3.0,Harttia villasboas,2021
736,3.0,Parancistrus nudiventris,2014
737,4.0,Parancistrus nudiventris,2021
738,5.0,Hypancistrus zebra,2014
739,5.0,Hypancistrus zebra,2021
740,4.0,Ancistrus cryptophthalmus,2014
741,4.0,Ancistrus cryptophthalmus,2021
742,4.0,Hemiancistrus megalopteryx,2014
743,4.0,Hemiancistrus megalopteryx,2021
744,4.0,Parotocinclus spilurus,2014
745,4.0,Parotocinclus spilurus,2021
746,5.0,Steindachneridion amblyurum,2014
747,5.0,Steindachneridion amblyurum,2021
748,5.0,Steindachneridion doceanum,2014
749,5.0,Steindachneridion doceanum,2021
750,4.0,Steindachneridion scriptum,2014
751,4.0,Steindachneridion scriptum,2021
752,4.0,Aguarunichthys tocantinsensis,2014
753,4.0,Aguarunichthys tocantinsensis,2021
754,3.0,Pimelodus joannis,2014
755,3.0,Pimelodus joannis,2021
756,3.0,Pimelodus stewartii,2014
757,3.0,Pimelodus stewartii,2021
758,4.0,Conorhynchos conirostris,2014
759,4.0,Conorhynchos conirostris,2021
760,4.0,Steindachneridion parahybae,2014
761,4.0,Steindachneridion parahybae,2021
762,4.0,Steindachneridion melanodermatum,2014
763,4.0,Steindachneridion melanodermatum,2021
764,2.0,Pseudoplatystoma corruscans,2014
765,3.0,Pseudoplatystoma corruscans,2021
766,5.0,Microglanis robustus,2014
767,5.0,Microglanis robustus,2021
768,3.0,Lophiosilurus alexandri,2014
769,3.0,Lophiosilurus alexandri,2021
770,1.0,Microglanis maculatus,2014
771,5.0,Microglanis maculatus,2021
772,3.0,Glaphyropoma spinosum,2014
773,3.0,Glaphyropoma spinosum,2021
774,4.0,Ituglanis cahyensis,2014
775,4.0,Ituglanis cahyensis,2021
776,3.0,Ituglanis epikarsticus,2014
777,3.0,Ituglanis epikarsticus,2021
778,3.0,Ituglanis passensis,2014
779,3.0,Ituglanis passensis,2021
780,5.0,Listrura camposi,2014
781,5.0,Listrura camposi,2021
782,5.0,Listrura nematopteryx,2014
783,5.0,Listrura nematopteryx,2021
784,4.0,Microcambeva draco,2014
785,4.0,Microcambeva draco,2021
786,5.0,Trichogenes claviger,2014
787,5.0,Trichogenes claviger,2021
788,3.0,Trichomycterus dali,2014
789,3.0,Trichomycterus dali,2021
790,5.0,Trichomycterus itacarambiensis,2014
791,5.0,Trichomycterus itacarambiensis,2021
792,5.0,Trichomycterus triguttatus,2014
793,5.0,Trichomycterus triguttatus,2021
794,4.0,Ituglanis mambai,2014
795,4.0,Ituglanis mambai,2021
796,4.0,Cambeva crassicaudata,2014
797,4.0,Cambeva crassicaudata,2021
798,4.0,Cambeva igobi,2014
799,3.0,Cambeva igobi,2021
800,4.0,Cambeva mboycy,2014
801,4.0,Cambeva mboycy,2021
802,4.0,Cambeva paolence,2014
803,4.0,Cambeva paolence,2021
804,,Cambeva pascuali,2014
805,5.0,Cambeva pascuali,2021
806,5.0,Ituglanis bambui,2014
807,5.0,Ituglanis bambui,2021
808,3.0,Ituglanis ramiroi,2014
809,3.0,Ituglanis ramiroi,2021
810,3.0,Trichomycterus rubbioli,2014
811,3.0,Trichomycterus rubbioli,2021
812,,Anomaloglossus apiau,2014
813,4.0,Anomaloglossus apiau,2021
814,,Anomaloglossus tepequem,2014
815,7.0,Anomaloglossus tepequem,2021
816,5.0,Brachycephalus pernix,2014
817,5.0,Brachycephalus pernix,2021
818,3.0,Ischnocnema manezinho,2014
819,4.0,Ischnocnema manezinho,2021
820,,Brachycephalus quiririensis,2014
821,4.0,Brachycephalus quiririensis,2021
822,,Ischnocnema karst,2014
823,3.0,Ischnocnema karst,2021
824,,Ischnocnema garciai,2014
825,5.0,Ischnocnema garciai,2021
826,0.0,Ischnocnema epipeda,2014
827,7.0,Ischnocnema epipeda,2021
828,,Brachycephalus mirissimus,2014
829,3.0,Brachycephalus mirissimus,2021
830,5.0,Melanophryniscus admirabilis,2014
831,5.0,Melanophryniscus admirabilis,2021
832,3.0,Melanophryniscus cambaraensis,2014
833,4.0,Melanophryniscus cambaraensis,2021
834,3.0,Melanophryniscus dorsalis,2014
835,3.0,Melanophryniscus dorsalis,2021
836,4.0,Melanophryniscus macrogranulosus,2014
837,4.0,Melanophryniscus macrogranulosus,2021
838,,Melanophryniscus biancae,2014
839,4.0,Melanophryniscus biancae,2021
840,2.0,Melanophryniscus montevidensis,2014
841,3.0,Melanophryniscus montevidensis,2021
842,,Rhinella casconi,2014
843,5.0,Rhinella casconi,2021
844,1.0,Melanophryniscus klappenbachi,2014
845,3.0,Melanophryniscus klappenbachi,2021
846,5.0,Melanophryniscus setiba,2014
847,3.0,Melanophryniscus setiba,2021
848,2.0,Ceratophrys ornata,2014
849,7.0,Ceratophrys ornata,2021
850,0.0,Euparkerella robusta,2014
851,5.0,Euparkerella robusta,2021
852,5.0,Cycloramphus diringshofeni,2014
853,5.0,Cycloramphus diringshofeni,2021
854,5.0,Cycloramphus faustoi,2014
855,3.0,Cycloramphus faustoi,2021
856,0.0,Cycloramphus stejnegeri,2014
857,7.0,Cycloramphus stejnegeri,2021
858,0.0,Thoropa lutzi,2014
859,7.0,Thoropa lutzi,2021
860,4.0,Thoropa petropolitana,2014
861,7.0,Thoropa petropolitana,2021
862,3.0,Adelophryne maranguapensis,2014
863,5.0,Adelophryne maranguapensis,2021
864,0.0,Scinax muriciensis,2014
865,5.0,Scinax muriciensis,2021
866,0.0,Sphaenorhynchus bromelicola,2014
867,4.0,Sphaenorhynchus bromelicola,2021
868,,Sphaenorhynchus cammaeus,2014
869,5.0,Sphaenorhynchus cammaeus,2021
870,1.0,Boana buriti,2014
871,3.0,Boana buriti,2021
872,,Bokermannohyla napolii,2014
873,3.0,Bokermannohyla napolii,2021
874,0.0,Scinax pinimus,2014
875,3.0,Scinax pinimus,2021
876,5.0,Nyctimantis pomba,2014
877,5.0,Nyctimantis pomba,2021
878,5.0,Bokermannohyla vulcaniae,2014
879,4.0,Bokermannohyla vulcaniae,2021
880,5.0,Scinax alcatraz,2014
881,3.0,Scinax alcatraz,2021
882,3.0,Scinax faivovichi,2014
883,3.0,Scinax faivovichi,2021
884,5.0,Scinax peixotoi,2014
885,7.0,Scinax peixotoi,2021
886,4.0,Xenohyla truncata,2014
887,3.0,Xenohyla truncata,2021
888,,Sphaenorhynchus canga,2014
889,5.0,Sphaenorhynchus canga,2021
890,5.0,Boana cymbalum,2014
891,9.0,Boana cymbalum,2021
892,4.0,Crossodactylus dantei,2014
893,5.0,Crossodactylus dantei,2021
894,,Crossodactylus franciscanus,2014
895,7.0,Crossodactylus franciscanus,2021
896,0.0,Crossodactylus dispar,2014
897,7.0,Crossodactylus dispar,2021
898,0.0,Hylodes glaber,2014
899,7.0,Hylodes glaber,2021
900,0.0,Hylodes magalhaesi,2014
901,3.0,Hylodes magalhaesi,2021
902,0.0,Hylodes mertensi,2014
903,5.0,Hylodes mertensi,2021
904,1.0,Hylodes sazimai,2014
905,4.0,Hylodes sazimai,2021
906,,Crossodactylus boulengeri,2014
907,7.0,Crossodactylus boulengeri,2021
908,5.0,Physalaemus soaresi,2014
909,5.0,Physalaemus soaresi,2021
910,0.0,Crossodactylodes itambe,2014
911,5.0,Crossodactylodes itambe,2021
912,0.0,Crossodactylodes izecksohni,2014
913,4.0,Crossodactylodes izecksohni,2021
914,5.0,Paratelmatobius lutzii,2014
915,7.0,Paratelmatobius lutzii,2021
916,4.0,Chiasmocleis alagoana,2014
917,3.0,Chiasmocleis alagoana,2021
918,5.0,Proceratophrys palustris,2014
919,5.0,Proceratophrys palustris,2021
920,5.0,Proceratophrys sanctaritae,2014
921,5.0,Proceratophrys sanctaritae,2021
922,,Proceratophrys ararype,2014
923,5.0,Proceratophrys ararype,2021
924,,Pithecopus rusticus,2014
925,5.0,Pithecopus rusticus,2021
926,0.0,Phrynomedusa marginata,2014
927,7.0,Phrynomedusa marginata,2021
928,0.0,Phrynomedusa vanzolinii,2014
929,7.0,Phrynomedusa vanzolinii,2021
930,9.0,Phrynomedusa fimbriata,2014
931,9.0,Phrynomedusa fimbriata,2021
932,5.0,Holoaden bradei,2014
933,7.0,Holoaden bradei,2021
934,5.0,Arrhopalites alambariensis,2014
935,3.0,Arrhopalites alambariensis,2021
936,5.0,Arrhopalites amorimi,2014
937,3.0,Arrhopalites amorimi,2021
938,5.0,Arrhopalites botuveraensis,2014
939,3.0,Arrhopalites botuveraensis,2021
940,5.0,Arrhopalites gnaspinii,2014
941,5.0,Arrhopalites gnaspinii,2021
942,5.0,Arrhopalites heteroculatus,2014
943,3.0,Arrhopalites heteroculatus,2021
944,5.0,Arrhopalites lawrencei,2014
945,3.0,Arrhopalites lawrencei,2021
946,5.0,Arrhopalites paranaensis,2014
947,5.0,Arrhopalites paranaensis,2021
948,,Arrhopalites glabrofasciatus,2014
949,4.0,Arrhopalites glabrofasciatus,2021
950,,Spelaeogammarus bahiensis,2014
951,3.0,Spelaeogammarus bahiensis,2021
952,,Spelaeogammarus sanctus,2014
953,5.0,Spelaeogammarus sanctus,2021
954,,Spelaeogammarus santanensis,2014
955,5.0,Spelaeogammarus santanensis,2021
956,,Spelaeogammarus spinilacertus,2014
957,4.0,Spelaeogammarus spinilacertus,2021
958,,Spelaeogammarus titan,2014
959,5.0,Spelaeogammarus titan,2021
960,,Spelaeogammarus trajanoae,2014
961,4.0,Spelaeogammarus trajanoae,2021
962,,Megagidiella azul,2014
963,3.0,Megagidiella azul,2021
964,1.0,Hyalella caeca,2014
965,3.0,Hyalella caeca,2021
966,,Hyalella epikarstica,2014
967,5.0,Hyalella epikarstica,2021
968,,Hyalella formosa,2014
969,5.0,Hyalella formosa,2021
970,,Hyalella veredae,2014
971,5.0,Hyalella veredae,2021
972,,Hyalella imbya,2014
973,7.0,Hyalella imbya,2021
974,,Potiberaba porakuara,2014
975,3.0,Potiberaba porakuara,2021
976,,Seborgia potiguar,2014
977,5.0,Seborgia potiguar,2021
978,3.0,Coscinasterias tenuispina,2014
979,3.0,Coscinasterias tenuispina,2021
980,3.0,Astropecten articulatus,2014
981,3.0,Astropecten articulatus,2021
982,3.0,Astropecten brasiliensis,2014
983,3.0,Astropecten brasiliensis,2021
984,3.0,Astropecten marginatus,2014
985,3.0,Astropecten marginatus,2021
986,3.0,Luidia senegalensis,2014
987,3.0,Luidia senegalensis,2021
988,3.0,Ateles chamek,2014
989,3.0,Ateles chamek,2021
990,4.0,Brachyteles arachnoides,2014
991,4.0,Brachyteles arachnoides,2021
992,5.0,Brachyteles hypoxanthus,2014
993,5.0,Brachyteles hypoxanthus,2021
994,3.0,Ateles belzebuth,2014
995,3.0,Ateles belzebuth,2021
996,4.0,Ateles marginatus,2014
997,4.0,Ateles marginatus,2021
998,3.0,Alouatta belzebul,2014
999,3.0,Alouatta belzebul,2021
1000,3.0,Alouatta discolor,2014
1001,3.0,Alouatta discolor,2021
1002,4.0,Alouatta ululata,2014
1003,4.0,Alouatta ululata,2021
1004,3.0,Alouatta guariba clamitans,2014
1005,3.0,Alouatta guariba clamitans,2021
1006,5.0,Alouatta guariba guariba,2014
1007,5.0,Alouatta guariba guariba,2021
1008,4.0,Callithrix flaviceps,2014
1009,4.0,Callithrix flaviceps,2021
1010,4.0,Leontopithecus chrysomelas,2014
1011,4.0,Leontopithecus chrysomelas,2021
1012,3.0,Mico rondoni,2014
1013,3.0,Mico rondoni,2021
1014,5.0,Saguinus bicolor,2014
1015,5.0,Saguinus bicolor,2021
1016,3.0,Saguinus niger,2014
1017,3.0,Saguinus niger,2021
1018,4.0,Callithrix aurita,2014
1019,4.0,Callithrix aurita,2021
1020,4.0,Leontopithecus caissara,2014
1021,4.0,Leontopithecus caissara,2021
1022,4.0,Leontopithecus chrysopygus,2014
1023,4.0,Leontopithecus chrysopygus,2021
1024,4.0,Leontopithecus rosalia,2014
1025,4.0,Leontopithecus rosalia,2021
1026,3.0,Saimiri vanzolinii,2014
1027,3.0,Saimiri vanzolinii,2021
1028,5.0,Cebus kaapori,2014
1029,5.0,Cebus kaapori,2021
1030,3.0,Sapajus cay,2014
1031,3.0,Sapajus cay,2021
1032,4.0,Sapajus flavius,2014
1033,4.0,Sapajus flavius,2021
1034,4.0,Sapajus robustus,2014
1035,4.0,Sapajus robustus,2021
1036,4.0,Sapajus xanthosternos,2014
1037,4.0,Sapajus xanthosternos,2021
1038,5.0,Callicebus barbarabrownae,2014
1039,5.0,Callicebus barbarabrownae,2021
1040,3.0,Callicebus melanochir,2014
1041,3.0,Callicebus melanochir,2021
1042,5.0,Chiropotes satanas,2014
1043,5.0,Chiropotes satanas,2021
1044,3.0,Chiropotes utahickae,2014
1045,3.0,Chiropotes utahickae,2021
1046,4.0,Callicebus coimbrai,2014
1047,4.0,Callicebus coimbrai,2021
1048,3.0,Callicebus personatus,2014
1049,3.0,Callicebus personatus,2021
1050,4.0,Odontesthes bicudo,2014
1051,4.0,Odontesthes bicudo,2021
1052,3.0,Adebrotus lugoi,2014
1053,3.0,Adebrotus lugoi,2021
1054,2.0,Camelobaetidius juparana,2014
1055,3.0,Camelobaetidius juparana,2021
1056,3.0,Camelobaetidius maranhensis,2014
1057,3.0,Camelobaetidius maranhensis,2021
1058,3.0,Camelobaetidius spinosus,2014
1059,3.0,Camelobaetidius spinosus,2021
1060,4.0,Hermanella amere,2014
1061,4.0,Hermanella amere,2021
1062,3.0,Hermanella nigra,2014
1063,3.0,Hermanella nigra,2021
1064,,Simothraulopsis eurybasis,2014
1065,3.0,Simothraulopsis eurybasis,2021
1066,4.0,Eubalaena australis,2014
1067,4.0,Eubalaena australis,2021
1068,4.0,Balaenoptera borealis,2014
1069,4.0,Balaenoptera borealis,2021
1070,5.0,Balaenoptera musculus,2014
1071,5.0,Balaenoptera musculus,2021
1072,4.0,Balaenoptera physalus,2014
1073,4.0,Balaenoptera physalus,2021
1074,3.0,Sotalia guianensis,2014
1075,3.0,Sotalia guianensis,2021
1076,11.0,Tursiops gephyreus,2014
1077,4.0,Tursiops gephyreus,2021
1078,4.0,Inia geoffrensis,2014
1079,4.0,Inia geoffrensis,2021
1080,,Inia araguaiaensis,2014
1081,3.0,Inia araguaiaensis,2021
1082,3.0,Physeter macrocephalus,2014
1083,3.0,Physeter macrocephalus,2021
1084,5.0,Pontoporia blainvillei,2014
1085,5.0,Pontoporia blainvillei,2021
1086,,Litoblatta camargoi,2014
1087,4.0,Litoblatta camargoi,2021
1088,5.0,Spelaeobochica iuiu,2014
1089,4.0,Spelaeobochica iuiu,2021
1090,4.0,Spelaeobochica muchmorei,2014
1091,5.0,Spelaeobochica muchmorei,2021
1092,5.0,Spelaeobochica allodentatus,2014
1093,4.0,Spelaeobochica allodentatus,2021
1094,5.0,Maxchernes iporangae,2014
1095,5.0,Maxchernes iporangae,2021
1096,4.0,Spelaeochernes gracilipalpus,2014
1097,4.0,Spelaeochernes gracilipalpus,2021
1098,5.0,Pseudochthonius biseriatus,2014
1099,4.0,Pseudochthonius biseriatus,2021
1100,3.0,Ideoroncus cavicola,2014
1101,4.0,Ideoroncus cavicola,2021
1102,5.0,Progarypus nigrimanus,2014
1103,5.0,Progarypus nigrimanus,2021
1104,4.0,Bouchardia rosea,2014
1105,4.0,Bouchardia rosea,2021
1106,1.0,Maricaella duna,2014
1107,5.0,Maricaella duna,2021
1108,4.0,Acherontides eleonorae,2014
1109,3.0,Acherontides eleonorae,2021
1110,1.0,Aethiopella littoralis,2014
1111,5.0,Aethiopella littoralis,2021
1112,0.0,Hyleanura mendoncae,2014
1113,3.0,Hyleanura mendoncae,2021
1114,1.0,Arlesia intermedia,2014
1115,5.0,Arlesia intermedia,2021
1116,1.0,Micranurida fluminensis,2014
1117,5.0,Micranurida fluminensis,2021
1118,1.0,Agraphorura mariapetrae,2014
1119,5.0,Agraphorura mariapetrae,2021
1120,1.0,Mesaphorura maricaensis,2014
1121,5.0,Mesaphorura maricaensis,2021
1122,3.0,Bradypus torquatus,2014
1123,3.0,Bradypus torquatus,2021
1124,3.0,Myrmecophaga tridactyla,2014
1125,3.0,Myrmecophaga tridactyla,2021
1126,,Brasileirinho cavaticus,2014
1127,5.0,Brasileirinho cavaticus,2021
1128,,Pongycarcinia xiphidiourus,2014
1129,4.0,Pongycarcinia xiphidiourus,2021
1130,,Iansaoniscus iraquara,2014
1131,5.0,Iansaoniscus iraquara,2021
1132,,Iansaoniscus georginae,2014
1133,5.0,Iansaoniscus georginae,2021
1134,,Amazoniscus leistikowi,2014
1135,5.0,Amazoniscus leistikowi,2021
1136,,Circoniscus carajasensis,2014
1137,4.0,Circoniscus carajasensis,2021
1138,,Circoniscus buckupi,2014
1139,5.0,Circoniscus buckupi,2021
1140,,Iuiuniscus iuiuensis,2014
1141,3.0,Iuiuniscus iuiuensis,2021
1142,,Spelunconiscus castroi,2014
1143,5.0,Spelunconiscus castroi,2021
1144,,Xangoniscus aganju,2014
1145,4.0,Xangoniscus aganju,2021
1146,,Xangoniscus odara,2014
1147,4.0,Xangoniscus odara,2021
1148,,Xangoniscus itacarambiensis,2014
1149,5.0,Xangoniscus itacarambiensis,2021
1150,4.0,Monasa morphoeus morphoeus,2014
1151,4.0,Monasa morphoeus morphoeus,2021
1152,5.0,Thaumastus lundi,2014
1153,5.0,Thaumastus lundi,2021
1154,4.0,Tomigerus gibberulus,2014
1155,4.0,Tomigerus gibberulus,2021
1156,3.0,Lymnaea rupestris,2014
1157,3.0,Lymnaea rupestris,2021
1158,5.0,Plesiophysa dolichomastix,2014
1159,5.0,Plesiophysa dolichomastix,2021
1160,3.0,Hypselartemon alveus,2014
1161,3.0,Hypselartemon alveus,2021
1162,4.0,Succinea lopesi,2014
1163,4.0,Succinea lopesi,2021
1164,1.0,Burhinus bistriatus,2014
1165,3.0,Burhinus bistriatus,2021
1166,3.0,Charadrius wilsonia,2014
1167,3.0,Charadrius wilsonia,2021
1168,2.0,Numenius hudsonicus,2014
1169,3.0,Numenius hudsonicus,2021
1170,3.0,Calidris subruficollis,2014
1171,3.0,Calidris subruficollis,2021
1172,5.0,Calidris canutus,2014
1173,3.0,Calidris canutus,2021
1174,4.0,Calidris pusilla,2014
1175,4.0,Calidris pusilla,2021
1176,5.0,Limnodromus griseus,2014
1177,4.0,Limnodromus griseus,2021
1178,6.0,Numenius borealis,2014
1179,6.0,Numenius borealis,2021
1180,3.0,Sterna dougallii,2014
1181,3.0,Sterna dougallii,2021
1182,3.0,Sterna hirundinacea,2014
1183,3.0,Sterna hirundinacea,2021
1184,4.0,Thalasseus maximus,2014
1185,4.0,Thalasseus maximus,2021
1186,1.0,Thalasseus acuflavidus,2014
1187,3.0,Thalasseus acuflavidus,2021
1188,4.0,Ananteris infuscata,2014
1189,4.0,Ananteris infuscata,2021
1190,4.0,Troglorhopalurus translucidus,2014
1191,4.0,Troglorhopalurus translucidus,2021
1192,5.0,Hadrurochactas araripe,2014
1193,5.0,Hadrurochactas araripe,2021
1194,5.0,Hadrurochactas brejo,2014
1195,5.0,Hadrurochactas brejo,2021
1196,,Oncinocampa trajanoae,2014
1197,5.0,Oncinocampa trajanoae,2021
1198,3.0,Lycalopex vetulus,2014
1199,3.0,Lycalopex vetulus,2021
1200,3.0,Chrysocyon brachyurus,2014
1201,3.0,Chrysocyon brachyurus,2021
1202,3.0,Speothos venaticus,2014
1203,3.0,Speothos venaticus,2021
1204,3.0,Atelocynus microtis,2014
1205,3.0,Atelocynus microtis,2021
1206,3.0,Leopardus geoffroyi,2014
1207,3.0,Leopardus geoffroyi,2021
1208,3.0,Leopardus guttulus,2014
1209,3.0,Leopardus guttulus,2021
1210,4.0,Leopardus tigrinus,2014
1211,4.0,Leopardus tigrinus,2021
1212,3.0,Leopardus wiedii,2014
1213,3.0,Leopardus wiedii,2021
1214,3.0,Panthera onca,2014
1215,3.0,Panthera onca,2021
1216,3.0,Herpailurus yagouaroundi,2014
1217,3.0,Herpailurus yagouaroundi,2021
1218,3.0,Leopardus colocolo,2014
1219,3.0,Leopardus colocolo,2021
1220,3.0,Pteronura brasiliensis,2014
1221,3.0,Pteronura brasiliensis,2021
1222,,Tisentnops onix,2014
1223,5.0,Tisentnops onix,2021
1224,,Carajas paraua,2014
1225,4.0,Carajas paraua,2021
1226,4.0,Ianduba paubrasil,2014
1227,4.0,Ianduba paubrasil,2021
1228,5.0,Celaetycheus mungunza,2014
1229,5.0,Celaetycheus mungunza,2021
1230,5.0,Isoctenus corymbus,2014
1231,5.0,Isoctenus corymbus,2021
1232,5.0,Harmonicon cerberus,2014
1233,5.0,Harmonicon cerberus,2021
1234,5.0,Drymusa spelunca,2014
1235,5.0,Drymusa spelunca,2021
1236,4.0,Brasilomma enigmatica,2014
1237,4.0,Brasilomma enigmatica,2021
1238,5.0,Tricongius ybyguara,2014
1239,3.0,Tricongius ybyguara,2021
1240,4.0,Speocera eleonorae,2014
1241,4.0,Speocera eleonorae,2021
1242,4.0,Ochyrocera ibitipoca,2014
1243,4.0,Ochyrocera ibitipoca,2021
1244,5.0,Metagonia potiguar,2014
1245,5.0,Metagonia potiguar,2021
1246,5.0,Metagonia diamantina,2014
1247,5.0,Metagonia diamantina,2021
1248,3.0,Matagaia chromatopus,2014
1249,3.0,Matagaia chromatopus,2021
1250,3.0,Neonella noronha,2014
1251,3.0,Neonella noronha,2021
1252,,Ariadna aurea,2014
1253,3.0,Ariadna aurea,2021
1254,,Loxosceles troglobia,2014
1255,3.0,Loxosceles troglobia,2021
1256,5.0,Typhochlaena curumim,2014
1257,5.0,Typhochlaena curumim,2021
1258,5.0,Tmesiphantes hypogeus,2014
1259,5.0,Tmesiphantes hypogeus,2021
1260,4.0,Ybyrapora diversipes,2014
1261,4.0,Ybyrapora diversipes,2021
1262,5.0,Ybyrapora gamba,2014
1263,5.0,Ybyrapora gamba,2021
1264,4.0,Typhochlaena seladonia,2014
1265,4.0,Typhochlaena seladonia,2021
1266,4.0,Dolichothele diamantinensis,2014
1267,4.0,Dolichothele diamantinensis,2021
1268,3.0,Pterinopelma sazimai,2014
1269,3.0,Pterinopelma sazimai,2021
1270,,Nyctiprogne vielliardi,2014
1271,4.0,Nyctiprogne vielliardi,2021
1272,3.0,Hydropsalis candicans,2014
1273,4.0,Hydropsalis candicans,2021
1274,4.0,Coarazuphium caatinga,2014
1275,4.0,Coarazuphium caatinga,2021
1276,5.0,Coarazuphium cessaima,2014
1277,4.0,Coarazuphium cessaima,2021
1278,3.0,Coarazuphium formoso,2014
1279,5.0,Coarazuphium formoso,2021
1280,4.0,Coarazuphium pains,2014
1281,4.0,Coarazuphium pains,2021
1282,5.0,Coarazuphium ricardoi,2014
1283,5.0,Coarazuphium ricardoi,2021
1284,5.0,Coarazuphium tapiaguassu,2014
1285,4.0,Coarazuphium tapiaguassu,2021
1286,5.0,Coarazuphium tessai,2014
1287,5.0,Coarazuphium tessai,2021
1288,4.0,Schizogenius ocellatus,2014
1289,4.0,Schizogenius ocellatus,2021
1290,,Coarazuphium amazonicus,2014
1291,5.0,Coarazuphium amazonicus,2021
1292,,Coarazuphium spinifemur,2014
1293,5.0,Coarazuphium spinifemur,2021
1294,3.0,Hypocephalus armatus,2014
1295,3.0,Hypocephalus armatus,2021
1296,4.0,Ceracis cassumbensis,2014
1297,4.0,Ceracis cassumbensis,2021
1298,5.0,Copelatus cessaima,2014
1299,4.0,Copelatus cessaima,2021
1300,4.0,Amydetes bellorum,2014
1301,4.0,Amydetes bellorum,2021
1302,3.0,Altitatiayus campoi,2014
1303,3.0,Altitatiayus campoi,2021
1304,3.0,Altitatiayus dulceae,2014
1305,3.0,Altitatiayus dulceae,2021
1306,3.0,Altitatiayus godinhorum,2014
1307,3.0,Altitatiayus godinhorum,2021
1308,3.0,Altitatiayus koikei,2014
1309,3.0,Altitatiayus koikei,2021
1310,3.0,Altitatiayus rotundatus,2014
1311,3.0,Altitatiayus rotundatus,2021
1312,3.0,Altitatiayus ruficollis,2014
1313,3.0,Altitatiayus ruficollis,2021
1314,3.0,Altitatiayus trifurcatus,2014
1315,3.0,Altitatiayus trifurcatus,2021
1316,5.0,Cartagonum apiuba,2014
1317,5.0,Cartagonum apiuba,2021
1318,5.0,Lycomorphon brasiliense,2014
1319,5.0,Lycomorphon brasiliense,2021
1320,3.0,Ateuchus squalidus,2014
1321,3.0,Ateuchus squalidus,2021
1322,3.0,Canthon corpulentus,2014
1323,3.0,Canthon corpulentus,2021
1324,3.0,Canthon quadripunctatus,2014
1325,3.0,Canthon quadripunctatus,2021
1326,4.0,Dichotomius eucranioides,2014
1327,4.0,Dichotomius eucranioides,2021
1328,4.0,Dichotomius mysticus,2014
1329,4.0,Dichotomius mysticus,2021
1330,4.0,Dichotomius schiffleri,2014
1331,4.0,Dichotomius schiffleri,2021
1332,3.0,Pedaridium hirsutum,2014
1333,3.0,Pedaridium hirsutum,2021
1334,,Metopiellus painensis,2014
1335,4.0,Metopiellus painensis,2021
1336,3.0,Carcharhinus longimanus,2014
1337,3.0,Carcharhinus longimanus,2021
1338,4.0,Carcharhinus obscurus,2014
1339,4.0,Carcharhinus obscurus,2021
1340,3.0,Carcharhinus perezi,2014
1341,3.0,Carcharhinus perezi,2021
1342,3.0,Carcharhinus signatus,2014
1343,4.0,Carcharhinus signatus,2021
1344,3.0,Negaprion brevirostris,2014
1345,4.0,Negaprion brevirostris,2021
1346,5.0,Carcharhinus galapagensis,2014
1347,5.0,Carcharhinus galapagensis,2021
1348,5.0,Carcharhinus porosus,2014
1349,5.0,Carcharhinus porosus,2021
1350,5.0,Isogomphodon oxyrhynchus,2014
1351,5.0,Isogomphodon oxyrhynchus,2021
1352,5.0,Carcharhinus plumbeus,2014
1353,5.0,Carcharhinus plumbeus,2021
1354,5.0,Sphyrna lewini,2014
1355,5.0,Sphyrna lewini,2021
1356,5.0,Sphyrna media,2014
1357,5.0,Sphyrna media,2021
1358,4.0,Sphyrna mokarran,2014
1359,5.0,Sphyrna mokarran,2021
1360,5.0,Sphyrna tiburo,2014
1361,5.0,Sphyrna tiburo,2021
1362,5.0,Sphyrna tudes,2014
1363,5.0,Sphyrna tudes,2021
1364,5.0,Sphyrna zygaena,2014
1365,5.0,Sphyrna zygaena,2021
1366,5.0,Galeorhinus galeus,2014
1367,5.0,Galeorhinus galeus,2021
1368,4.0,Mustelus canis,2014
1369,4.0,Mustelus canis,2021
1370,5.0,Mustelus fasciatus,2014
1371,5.0,Mustelus fasciatus,2021
1372,5.0,Mustelus schmitti,2014
1373,5.0,Mustelus schmitti,2021
1374,4.0,Cassidulus mitis,2014
1375,4.0,Cassidulus mitis,2021
1376,3.0,Kerodon rupestris,2014
1377,3.0,Kerodon rupestris,2021
1378,3.0,Kerodon acrobata,2014
1379,3.0,Kerodon acrobata,2021
1380,5.0,Cavia intermedia,2014
1381,5.0,Cavia intermedia,2021
1382,3.0,Akodon mystax,2014
1383,3.0,Akodon mystax,2021
1384,4.0,Gyldenstolpia planaltensis,2014
1385,4.0,Gyldenstolpia planaltensis,2021
1386,4.0,Oligoryzomys rupestris,2014
1387,4.0,Oligoryzomys rupestris,2021
1388,3.0,Rhipidomys cariri,2014
1389,3.0,Rhipidomys cariri,2021
1390,4.0,Rhipidomys tribei,2014
1391,4.0,Rhipidomys tribei,2021
1392,3.0,Thalpomys cerradensis,2014
1393,3.0,Thalpomys cerradensis,2021
1394,4.0,Wilfredomys oenax,2014
1395,4.0,Wilfredomys oenax,2021
1396,4.0,Cerradomys goytaca,2014
1397,4.0,Cerradomys goytaca,2021
1398,4.0,Euryoryzomys lamia,2014
1399,4.0,Euryoryzomys lamia,2021
1400,4.0,Thalpomys lasiotis,2014
1401,4.0,Thalpomys lasiotis,2021
1402,4.0,Microakodontomys transitorius,2014
1403,4.0,Microakodontomys transitorius,2021
1404,7.0,Juscelinomys candango,2014
1405,7.0,Juscelinomys candango,2021
1406,9.0,Noronhomys vespuccii,2014
1407,9.0,Noronhomys vespuccii,2021
1408,4.0,Ctenomys flamarioni,2014
1409,4.0,Ctenomys flamarioni,2021
1410,4.0,Ctenomys bicolor,2014
1411,4.0,Ctenomys bicolor,2021
1412,4.0,Ctenomys lami,2014
1413,4.0,Ctenomys lami,2021
1414,3.0,Ctenomys minutus,2014
1415,3.0,Ctenomys minutus,2021
1416,4.0,Phyllomys lundi,2014
1417,4.0,Phyllomys lundi,2021
1418,4.0,Phyllomys thomasi,2014
1419,4.0,Phyllomys thomasi,2021
1420,4.0,Trinomys mirapitanga,2014
1421,4.0,Trinomys mirapitanga,2021
1422,4.0,Trinomys yonenagae,2014
1423,4.0,Trinomys yonenagae,2021
1424,4.0,Callistomys pictus,2014
1425,4.0,Callistomys pictus,2021
1426,3.0,Trinomys eliasi,2014
1427,3.0,Trinomys eliasi,2021
1428,4.0,Trinomys moojeni,2014
1429,4.0,Trinomys moojeni,2021
1430,4.0,Phyllomys brasiliensis,2014
1431,4.0,Phyllomys brasiliensis,2021
1432,5.0,Phyllomys unicolor,2014
1433,5.0,Phyllomys unicolor,2021
1434,3.0,Chaetomys subspinosus,2014
1435,3.0,Chaetomys subspinosus,2021
1436,4.0,Coendou speratus,2014
1437,4.0,Coendou speratus,2021
1438,3.0,Blastocerus dichotomus,2014
1439,3.0,Blastocerus dichotomus,2021
1440,3.0,Mazama nana,2014
1441,3.0,Mazama nana,2021
1442,3.0,Ozotoceros bezoarticus bezoarticus,2014
1443,3.0,Ozotoceros bezoarticus bezoarticus,2021
1444,3.0,Ozotoceros bezoarticus leucogaster,2014
1445,10.0,Ozotoceros bezoarticus leucogaster,2021
1446,3.0,Tayassu pecari,2014
1447,3.0,Tayassu pecari,2021
1448,3.0,Prognathodes obliquus,2014
1449,3.0,Prognathodes obliquus,2021
1450,3.0,Crenicichla empheres,2014
1451,3.0,Crenicichla empheres,2021
1452,3.0,Crenicichla hadrostigma,2014
1453,3.0,Crenicichla hadrostigma,2021
1454,5.0,Crenicichla cyclostoma,2014
1455,5.0,Crenicichla cyclostoma,2021
1456,3.0,Crenicichla heckeli,2014
1457,3.0,Crenicichla heckeli,2021
1458,4.0,Crenicichla jegui,2014
1459,4.0,Crenicichla jegui,2021
1460,4.0,Crenicichla urosema,2014
1461,4.0,Crenicichla urosema,2021
1462,4.0,Teleocichla cinderella,2014
1463,4.0,Teleocichla cinderella,2021
1464,3.0,Teleocichla prionogenys,2014
1465,3.0,Teleocichla prionogenys,2021
1466,4.0,Teleocichla wajapi,2014
1467,4.0,Teleocichla wajapi,2021
1468,4.0,Crenicichla jupiaensis,2014
1469,4.0,Crenicichla jupiaensis,2021
1470,4.0,Teleocichla centisquama,2014
1471,4.0,Teleocichla centisquama,2021
1472,3.0,Epinephelus marginatus,2014
1473,3.0,Epinephelus marginatus,2021
1474,3.0,Epinephelus morio,2014
1475,3.0,Epinephelus morio,2021
1476,5.0,Epinephelus itajara,2014
1477,5.0,Epinephelus itajara,2021
1478,3.0,Elacatinus figaro,2014
1479,3.0,Elacatinus figaro,2021
1480,4.0,Makaira nigricans,2014
1481,4.0,Makaira nigricans,2021
1482,3.0,Kajikia albida,2014
1483,3.0,Kajikia albida,2021
1484,3.0,Halichoeres rubrovirens,2014
1485,3.0,Halichoeres rubrovirens,2021
1486,3.0,Malacoctenus brunoi,2014
1487,3.0,Malacoctenus brunoi,2021
1488,3.0,Lutjanus cyanopterus,2014
1489,3.0,Lutjanus cyanopterus,2021
1490,3.0,Lutjanus purpureus,2014
1491,3.0,Lutjanus purpureus,2021
1492,3.0,Lopholatilus villarii,2014
1493,3.0,Lopholatilus villarii,2021
1494,4.0,Cerdale fasciata,2014
1495,4.0,Cerdale fasciata,2021
1496,5.0,Polyprion americanus,2014
1497,5.0,Polyprion americanus,2021
1498,3.0,Stegastes trindadensis,2014
1499,3.0,Stegastes trindadensis,2021
1500,3.0,Stegastes sanctipauli,2014
1501,3.0,Stegastes sanctipauli,2021
1502,3.0,Stegastes rocasensis,2014
1503,3.0,Stegastes rocasensis,2021
1504,3.0,Microspathodon chrysurus,2014
1505,3.0,Microspathodon chrysurus,2021
1506,4.0,Scarus trispinosus,2014
1507,4.0,Scarus trispinosus,2021
1508,3.0,Scarus zelindae,2014
1509,3.0,Scarus zelindae,2021
1510,3.0,Sparisoma axillare,2014
1511,3.0,Sparisoma axillare,2021
1512,3.0,Sparisoma frondosum,2014
1513,3.0,Sparisoma frondosum,2021
1514,3.0,Sparisoma rocha,2014
1515,3.0,Sparisoma rocha,2021
1516,5.0,Thunnus thynnus,2014
1517,4.0,Thunnus thynnus,2021
1518,3.0,Choranthias salmopunctatus,2014
1519,3.0,Choranthias salmopunctatus,2021
1520,4.0,Hyporthodus nigritus,2014
1521,4.0,Hyporthodus nigritus,2021
1522,3.0,Hyporthodus niveatus,2014
1523,3.0,Hyporthodus niveatus,2021
1524,3.0,Mycteroperca bonaci,2014
1525,3.0,Mycteroperca bonaci,2021
1526,3.0,Mycteroperca interstitialis,2014
1527,3.0,Mycteroperca interstitialis,2021
1528,3.0,Enneanectes smithi,2014
1529,3.0,Enneanectes smithi,2021
1530,3.0,Charinus acaraje,2014
1531,3.0,Charinus acaraje,2021
1532,3.0,Charinus potiguar,2014
1533,3.0,Charinus potiguar,2021
1534,,Charinus caatingae,2014
1535,5.0,Charinus caatingae,2021
1536,5.0,Charinus eleonorae,2014
1537,4.0,Charinus eleonorae,2021
1538,5.0,Charinus troglobius,2014
1539,4.0,Charinus troglobius,2021
1540,,Charinus ferreus,2014
1541,5.0,Charinus ferreus,2021
1542,,Charinus taboa,2014
1543,5.0,Charinus taboa,2021
1544,,Charinus spelaeus,2014
1545,3.0,Charinus spelaeus,2021
1546,4.0,Charinus asturius,2014
1547,4.0,Charinus asturius,2021
1548,5.0,Leodesmus yporangae,2014
1549,4.0,Leodesmus yporangae,2021
1550,3.0,Sandalodesmus stramineus,2014
1551,3.0,Sandalodesmus stramineus,2021
1552,3.0,Dioplosternus salvatrix,2014
1553,3.0,Dioplosternus salvatrix,2021
1554,3.0,Odontopeltis giganteus,2014
1555,3.0,Odontopeltis giganteus,2021
1556,4.0,Peridontodesmella alba,2014
1557,3.0,Peridontodesmella alba,2021
1558,,Dobrodesmus mirabilis,2014
1559,5.0,Dobrodesmus mirabilis,2021
1560,4.0,Caretta caretta,2014
1561,3.0,Caretta caretta,2021
1562,5.0,Eretmochelys imbricata,2014
1563,4.0,Eretmochelys imbricata,2021
1564,4.0,Lepidochelys olivacea,2014
1565,3.0,Lepidochelys olivacea,2021
1566,5.0,Dermochelys coriacea,2014
1567,5.0,Dermochelys coriacea,2021
1568,,Ferricixius davidi,2014
1569,5.0,Ferricixius davidi,2021
1570,,Iuiuia caeca,2014
1571,3.0,Iuiuia caeca,2021
1572,,Kinnapotiguara troglobia,2014
1573,3.0,Kinnapotiguara troglobia,2021
1574,3.0,Aceratobasis cornicauda,2014
1575,3.0,Aceratobasis cornicauda,2021
1576,4.0,Aceratobasis mourei,2014
1577,4.0,Aceratobasis mourei,2021
1578,7.0,Fluminagrion taxaense,2014
1579,7.0,Fluminagrion taxaense,2021
1580,3.0,Homeoura lindneri,2014
1581,3.0,Homeoura lindneri,2021
1582,3.0,Leptagrion bocainense,2014
1583,3.0,Leptagrion bocainense,2021
1584,7.0,Columbina cyanopis,2014
1585,5.0,Columbina cyanopis,2021
1586,4.0,Conopophaga cearae,2014
1587,4.0,Conopophaga cearae,2021
1588,3.0,Conopophaga lineata lineata,2014
1589,3.0,Conopophaga lineata lineata,2021
1590,3.0,Cyanocorax hafferi,2014
1591,3.0,Cyanocorax hafferi,2021
1592,3.0,Procnias albus wallacei,2014
1593,3.0,Procnias albus wallacei,2021
1594,1.0,Xipholena lamellipennis,2014
1595,3.0,Xipholena lamellipennis,2021
1596,7.0,Calyptura cristata,2014
1597,7.0,Calyptura cristata,2021
1598,5.0,Cotinga maculata,2014
1599,4.0,Cotinga maculata,2021
1600,3.0,Lipaugus conditus,2014
1601,3.0,Lipaugus conditus,2021
1602,3.0,Xipholena atropurpurea,2014
1603,3.0,Xipholena atropurpurea,2021
1604,4.0,Xiphorhynchus guttatoides gracilirostris,2014
1605,4.0,Xiphorhynchus guttatoides gracilirostris,2021
1606,4.0,Dendrexetastes rufigula paraensis,2014
1607,3.0,Dendrexetastes rufigula paraensis,2021
1608,3.0,Dendrocincla merula badia,2014
1609,3.0,Dendrocincla merula badia,2021
1610,3.0,Campylorhamphus cardosoi,2014
1611,3.0,Campylorhamphus cardosoi,2021
1612,3.0,Campylorhamphus multostriatus,2014
1613,3.0,Campylorhamphus multostriatus,2021
1614,3.0,Dendrocolaptes medius,2014
1615,3.0,Dendrocolaptes medius,2021
1616,3.0,Dendrocolaptes retentus,2014
1617,3.0,Dendrocolaptes retentus,2021
1618,3.0,Hylexetastes brigidai,2014
1619,3.0,Hylexetastes brigidai,2021
1620,1.0,Hylexetastes uniformis,2014
1621,3.0,Hylexetastes uniformis,2021
1622,3.0,Xiphocolaptes carajaensis,2014
1623,3.0,Xiphocolaptes carajaensis,2021
1624,4.0,Campylorhamphus trochilirostris trochilirostris,2014
1625,3.0,Campylorhamphus trochilirostris trochilirostris,2021
1626,4.0,Dendrocincla taunayi,2014
1627,4.0,Dendrocincla taunayi,2021
1628,3.0,Xiphorhynchus atlanticus,2014
1629,3.0,Xiphorhynchus atlanticus,2021
1630,3.0,Chamaeza nobilis fulvipectus,2014
1631,3.0,Chamaeza nobilis fulvipectus,2021
1632,3.0,Spinus yarrellii,2014
1633,3.0,Spinus yarrellii,2021
1634,3.0,Asthenes hudsoni,2014
1635,3.0,Asthenes hudsoni,2021
1636,2.0,Asthenes luizae,2014
1637,4.0,Asthenes luizae,2021
1638,4.0,Synallaxis kollari,2014
1639,3.0,Synallaxis kollari,2021
1640,1.0,Anabazenops dorsalis,2014
1641,3.0,Anabazenops dorsalis,2021
1642,3.0,Xiphocolaptes falcirostris,2014
1643,3.0,Xiphocolaptes falcirostris,2021
1644,3.0,Pseudoseisura lophotes,2014
1645,3.0,Pseudoseisura lophotes,2021
1646,0.0,Syndactyla ucayalae,2014
1647,3.0,Syndactyla ucayalae,2021
1648,4.0,Cinclodes espinhacensis,2014
1649,4.0,Cinclodes espinhacensis,2021
1650,3.0,Acrobatornis fonsecai,2014
1651,3.0,Acrobatornis fonsecai,2021
1652,4.0,Automolus lammi,2014
1653,4.0,Automolus lammi,2021
1654,5.0,Coryphistera alaudina,2014
1655,5.0,Coryphistera alaudina,2021
1656,5.0,Leptasthenura platensis,2014
1657,5.0,Leptasthenura platensis,2021
1658,3.0,Thripophaga macroura,2014
1659,3.0,Thripophaga macroura,2021
1660,4.0,Synallaxis infuscata,2014
1661,4.0,Synallaxis infuscata,2021
1662,9.0,Cichlocolaptes mazarbarnetti,2014
1663,9.0,Cichlocolaptes mazarbarnetti,2021
1664,3.0,Grallaria varia distincta,2014
1665,3.0,Grallaria varia distincta,2021
1666,3.0,Hylopezus paraensis,2014
1667,3.0,Hylopezus paraensis,2021
1668,1.0,Hylopezus whittakeri,2014
1669,3.0,Hylopezus whittakeri,2021
1670,3.0,Grallaria varia intercedens,2014
1671,4.0,Grallaria varia intercedens,2021
1672,0.0,Cacicus koepckeae,2014
1673,3.0,Cacicus koepckeae,2021
1674,3.0,Xanthopsar flavus,2014
1675,3.0,Xanthopsar flavus,2021
1676,3.0,Anumara forbesi,2014
1677,3.0,Anumara forbesi,2021
1678,3.0,Anthus nattereri,2014
1679,3.0,Anthus nattereri,2021
1680,,Oxyruncus cristatus tocantinsi,2014
1681,3.0,Oxyruncus cristatus tocantinsi,2021
1682,3.0,Arremonops conirostris,2014
1683,4.0,Arremonops conirostris,2021
1684,5.0,Antilophia bokermanni,2014
1685,5.0,Antilophia bokermanni,2021
1686,4.0,Lepidothrix iris iris,2014
1687,4.0,Lepidothrix iris iris,2021
1688,4.0,Lepidothrix iris,2014
1689,4.0,Lepidothrix iris,2021
1690,3.0,Lepidothrix vilasboasi,2014
1691,4.0,Lepidothrix vilasboasi,2021
1692,4.0,Neopelma aurifrons,2014
1693,4.0,Neopelma aurifrons,2021
1694,2.0,Platyrinchus leucoryphus,2014
1695,3.0,Platyrinchus leucoryphus,2021
1696,4.0,Scytalopus diamantinensis,2014
1697,4.0,Scytalopus diamantinensis,2021
1698,4.0,Scytalopus gonzagai,2014
1699,4.0,Scytalopus gonzagai,2021
1700,4.0,Scytalopus novacapitalis,2014
1701,4.0,Scytalopus novacapitalis,2021
1702,4.0,Eleoscytalopus psychopompus,2014
1703,4.0,Eleoscytalopus psychopompus,2021
1704,5.0,Merulaxis stresemanni,2014
1705,5.0,Merulaxis stresemanni,2021
1706,4.0,Scytalopus iraiensis,2014
1707,4.0,Scytalopus iraiensis,2021
1708,4.0,Phylloscartes beckeri,2014
1709,4.0,Phylloscartes beckeri,2021
1710,5.0,Phylloscartes ceciliae,2014
1711,5.0,Phylloscartes ceciliae,2021
1712,3.0,Hemitriccus mirandae,2014
1713,4.0,Hemitriccus mirandae,2021
1714,1.0,Cnipodectes superrufus,2014
1715,3.0,Cnipodectes superrufus,2021
1716,1.0,Poecilotriccus albifacies,2014
1717,3.0,Poecilotriccus albifacies,2021
1718,4.0,Phylloscartes roquettei,2014
1719,4.0,Phylloscartes roquettei,2021
1720,3.0,Hemitriccus kaempferi,2014
1721,3.0,Hemitriccus kaempferi,2021
1722,4.0,Geositta poeciloptera,2014
1723,3.0,Geositta poeciloptera,2021
1724,3.0,Sclerurus cearensis,2014
1725,4.0,Sclerurus cearensis,2021
1726,5.0,Sclerurus caudacutus caligineus,2014
1727,5.0,Sclerurus caudacutus caligineus,2021
1728,5.0,Sclerurus caudacutus umbretta,2014
1729,5.0,Sclerurus caudacutus umbretta,2021
1730,3.0,Sclerurus macconnelli bahiae,2014
1731,4.0,Sclerurus macconnelli bahiae,2021
1732,3.0,Phlegopsis nigromaculata paraensis,2014
1733,3.0,Phlegopsis nigromaculata paraensis,2021
1734,0.0,Clytoctantes atrogularis,2014
1735,3.0,Clytoctantes atrogularis,2021
1736,4.0,Formicivora grantsaui,2014
1737,4.0,Formicivora grantsaui,2021
1738,1.0,Epinecrophylla dentei,2014
1739,3.0,Epinecrophylla dentei,2021
1740,1.0,Myrmotherula oreni,2014
1741,3.0,Myrmotherula oreni,2021
1742,4.0,Thamnophilus nigrocinereus tschudii,2014
1743,4.0,Thamnophilus nigrocinereus tschudii,2021
1744,1.0,Phlegopsis borbae,2014
1745,3.0,Phlegopsis borbae,2021
1746,3.0,Hypocnemis ochrogyna,2014
1747,3.0,Hypocnemis ochrogyna,2021
1748,1.0,Rhegmatorhina hoffmannsi,2014
1749,3.0,Rhegmatorhina hoffmannsi,2021
1750,4.0,Rhopornis ardesiacus,2014
1751,4.0,Rhopornis ardesiacus,2021
1752,3.0,Thamnophilus caerulescens cearensis,2014
1753,3.0,Thamnophilus caerulescens cearensis,2021
1754,3.0,Thamnomanes caesius caesius,2014
1755,3.0,Thamnomanes caesius caesius,2021
1756,3.0,Phlegopsis nigromaculata confinis,2014
1757,3.0,Phlegopsis nigromaculata confinis,2021
1758,,Thamnophilus nigrocinereus huberi,2014
1759,3.0,Thamnophilus nigrocinereus huberi,2021
1760,,Hypocnemis hypoxantha ochraceiventris,2014
1761,3.0,Hypocnemis hypoxantha ochraceiventris,2021
1762,1.0,Hypocnemis striata,2014
1763,3.0,Hypocnemis striata,2021
1764,3.0,Rhegmatorhina gymnops,2014
1765,3.0,Rhegmatorhina gymnops,2021
1766,4.0,Dysithamnus plumbeus,2014
1767,4.0,Dysithamnus plumbeus,2021
1768,5.0,Formicivora erythronotos,2014
1769,5.0,Formicivora erythronotos,2021
1770,5.0,Formicivora paludicola,2014
1771,5.0,Formicivora paludicola,2021
1772,7.0,Myrmotherula fluminensis,2014
1773,7.0,Myrmotherula fluminensis,2021
1774,5.0,Myrmotherula snowi,2014
1775,5.0,Myrmotherula snowi,2021
1776,4.0,Formicivora littoralis,2014
1777,4.0,Formicivora littoralis,2021
1778,4.0,Myrmoderus ruficauda,2014
1779,4.0,Myrmoderus ruficauda,2021
1780,4.0,Formicivora acutirostris,2014
1781,3.0,Formicivora acutirostris,2021
1782,3.0,Myrmotherula minor,2014
1783,3.0,Myrmotherula minor,2021
1784,3.0,Myrmotherula urosticta,2014
1785,3.0,Myrmotherula urosticta,2021
1786,4.0,Pyriglena atra,2014
1787,4.0,Pyriglena atra,2021
1788,3.0,Pyriglena pernambucensis,2014
1789,3.0,Pyriglena pernambucensis,2021
1790,5.0,Terenura sicki,2014
1791,5.0,Terenura sicki,2021
1792,4.0,Thamnophilus aethiops distans,2014
1793,4.0,Thamnophilus aethiops distans,2021
1794,3.0,Thamnophilus caerulescens pernambucensis,2014
1795,3.0,Thamnophilus caerulescens pernambucensis,2021
1796,3.0,Sporophila hypoxantha,2014
1797,3.0,Sporophila hypoxantha,2021
1798,3.0,Sporophila palustris,2014
1799,3.0,Sporophila palustris,2021
1800,3.0,Sporophila ruficollis,2014
1801,3.0,Sporophila ruficollis,2021
1802,4.0,Conothraupis mesoleuca,2014
1803,4.0,Conothraupis mesoleuca,2021
1804,4.0,Coryphaspiza melanotis,2014
1805,3.0,Coryphaspiza melanotis,2021
1806,3.0,Tangara fastuosa,2014
1807,3.0,Tangara fastuosa,2021
1808,3.0,Tangara cyanocephala cearensis,2014
1809,3.0,Tangara cyanocephala cearensis,2021
1810,3.0,Sporophila beltoni,2014
1811,3.0,Sporophila beltoni,2021
1812,3.0,Tangara velia signata,2014
1813,3.0,Tangara velia signata,2021
1814,3.0,Sporophila nigrorufa,2014
1815,3.0,Sporophila nigrorufa,2021
1816,5.0,Sporophila maximiliani,2014
1817,5.0,Sporophila maximiliani,2021
1818,5.0,Gubernatrix cristata,2014
1819,5.0,Gubernatrix cristata,2021
1820,5.0,Nemosia rourei,2014
1821,5.0,Nemosia rourei,2021
1822,3.0,Sporophila falcirostris,2014
1823,3.0,Sporophila falcirostris,2021
1824,3.0,Sporophila frontalis,2014
1825,3.0,Sporophila frontalis,2021
1826,3.0,Sporophila melanogaster,2014
1827,3.0,Sporophila melanogaster,2021
1828,4.0,Iodopleura pipra,2014
1829,4.0,Iodopleura pipra,2021
1830,3.0,Schiffornis turdina intermedia,2014
1831,3.0,Schiffornis turdina intermedia,2021
1832,5.0,Iodopleura pipra leucopygia,2014
1833,4.0,Iodopleura pipra leucopygia,2021
1834,2.0,Laniisoma elegans,2014
1835,4.0,Laniisoma elegans,2021
1836,2.0,Onychorhynchus swainsoni,2014
1837,3.0,Onychorhynchus swainsoni,2021
1838,4.0,Iodopleura pipra pipra,2014
1839,4.0,Iodopleura pipra pipra,2021
1840,,Cyphorhinus griseolateralis,2014
1841,3.0,Cyphorhinus griseolateralis,2021
1842,4.0,Cichlopsis leucogenys,2014
1843,4.0,Cichlopsis leucogenys,2021
1844,3.0,Alectrurus tricolor,2014
1845,3.0,Alectrurus tricolor,2021
1846,3.0,Stigmatura napensis napensis,2014
1847,3.0,Stigmatura napensis napensis,2021
1848,0.0,Phyllomyias reiseri,2014
1849,4.0,Phyllomyias reiseri,2021
1850,1.0,Contopus nigrescens,2014
1851,3.0,Contopus nigrescens,2021
1852,3.0,Serpophaga hypoleuca pallida,2014
1853,3.0,Serpophaga hypoleuca pallida,2021
1854,2.0,Knipolegus franciscanus,2014
1855,3.0,Knipolegus franciscanus,2021
1856,3.0,Attila spadiceus uropygiatus,2014
1857,4.0,Attila spadiceus uropygiatus,2021
1858,3.0,Elaenia ridleyana,2014
1859,3.0,Elaenia ridleyana,2021
1860,3.0,Platyrinchus mystaceus niveigularis,2014
1861,3.0,Platyrinchus mystaceus niveigularis,2021
1862,3.0,Vireo gracilirostris,2014
1863,3.0,Vireo gracilirostris,2021
1864,3.0,Xenops minutus alagoanus,2014
1865,3.0,Xenops minutus alagoanus,2021
1866,2.0,Aburria cujubi,2014
1867,3.0,Aburria cujubi,2021
1868,4.0,Crax globulosa,2014
1869,4.0,Crax globulosa,2021
1870,5.0,Penelope superciliaris alagoensis,2014
1871,5.0,Penelope superciliaris alagoensis,2021
1872,3.0,Penelope jacucaca,2014
1873,3.0,Penelope jacucaca,2021
1874,5.0,Crax fasciolata pinima,2014
1875,5.0,Crax fasciolata pinima,2021
1876,3.0,Penelope pileata,2014
1877,3.0,Penelope pileata,2021
1878,4.0,Aburria jacutinga,2014
1879,4.0,Aburria jacutinga,2021
1880,5.0,Crax blumenbachii,2014
1881,4.0,Crax blumenbachii,2021
1882,8.0,Pauxi mitu,2014
1883,8.0,Pauxi mitu,2021
1884,5.0,Odontophorus capueira plumbeicollis,2014
1885,5.0,Odontophorus capueira plumbeicollis,2021
1886,3.0,Parapoynx restingalis,2014
1887,3.0,Parapoynx restingalis,2021
1888,5.0,Drephalys mourei,2014
1889,5.0,Drephalys mourei,2021
1890,4.0,Parelbella polyzona,2014
1891,4.0,Parelbella polyzona,2021
1892,5.0,Pseudocroniades machaon seabrai,2014
1893,5.0,Pseudocroniades machaon seabrai,2021
1894,4.0,Turmosa camposa,2014
1895,4.0,Turmosa camposa,2021
1896,4.0,Drephalys miersi,2014
1897,4.0,Drephalys miersi,2021
1898,4.0,Zonia zonia diabo,2014
1899,4.0,Zonia zonia diabo,2021
1900,4.0,Magnastigma julia,2014
1901,4.0,Magnastigma julia,2021
1902,4.0,Strymon ohausi,2014
1903,4.0,Strymon ohausi,2021
1904,4.0,Arawacus aethesa,2014
1905,4.0,Arawacus aethesa,2021
1906,3.0,Actinote quadra,2014
1907,3.0,Actinote quadra,2021
1908,5.0,Dasyophthalma geraensis,2014
1909,5.0,Dasyophthalma geraensis,2021
1910,4.0,Dasyophthalma rusina delanira,2014
1911,4.0,Dasyophthalma rusina delanira,2021
1912,7.0,Dasyophthalma vertebralis,2014
1913,7.0,Dasyophthalma vertebralis,2021
1914,7.0,Doxocopa zalmunna,2014
1915,7.0,Doxocopa zalmunna,2021
1916,4.0,Episcada vitrea,2014
1917,4.0,Episcada vitrea,2021
1918,5.0,Eresia erysice erysice,2014
1919,5.0,Eresia erysice erysice,2021
1920,5.0,Euptychia boulleti,2014
1921,5.0,Euptychia boulleti,2021
1922,4.0,Hamadryas velutina browni,2014
1923,4.0,Hamadryas velutina browni,2021
1924,4.0,Heliconius nattereri,2014
1925,4.0,Heliconius nattereri,2021
1926,7.0,Hyalyris fiammetta,2014
1927,7.0,Hyalyris fiammetta,2021
1928,5.0,Mcclungia cymo fallens,2014
1929,5.0,Mcclungia cymo fallens,2021
1930,5.0,Melinaea mnasias thera,2014
1931,5.0,Melinaea mnasias thera,2021
1932,5.0,Morpho epistrophus nikolajewna,2014
1933,5.0,Morpho epistrophus nikolajewna,2021
1934,5.0,Morpho menelaus eberti,2014
1935,5.0,Morpho menelaus eberti,2021
1936,5.0,Napeogenes rhezia rhezia,2014
1937,5.0,Napeogenes rhezia rhezia,2021
1938,5.0,Orobrassolis ornamentalis,2014
1939,5.0,Orobrassolis ornamentalis,2021
1940,4.0,Pampasatyrus glaucope glaucope,2014
1941,4.0,Pampasatyrus glaucope glaucope,2021
1942,4.0,Pampasatyrus gyrtone,2014
1943,4.0,Pampasatyrus gyrtone,2021
1944,4.0,Paulogramma hydarnis,2014
1945,4.0,Paulogramma hydarnis,2021
1946,4.0,Polygrapha suprema,2014
1947,4.0,Polygrapha suprema,2021
1948,3.0,Prepona deiphile,2014
1949,3.0,Prepona deiphile,2021
1950,5.0,Scada karschina delicata,2014
1951,5.0,Scada karschina delicata,2021
1952,3.0,Tithorea harmonia caissara,2014
1953,3.0,Tithorea harmonia caissara,2021
1954,,Adelpha atlantica,2014
1955,4.0,Adelpha atlantica,2021
1956,,Forsterinaria itatiaia,2014
1957,3.0,Forsterinaria itatiaia,2021
1958,,Pampasatyrus glaucope eberti,2014
1959,3.0,Pampasatyrus glaucope eberti,2021
1960,,Pampasatyrus reticulata gagarini,2014
1961,4.0,Pampasatyrus reticulata gagarini,2021
1962,,Praepedaliodes sequeirae,2014
1963,5.0,Praepedaliodes sequeirae,2021
1964,,Yphthimoides iserhardi,2014
1965,4.0,Yphthimoides iserhardi,2021
1966,5.0,Actinote zikani,2014
1967,5.0,Actinote zikani,2021
1968,4.0,Pampasatyrus glaucope boenninghauseni,2014
1969,4.0,Pampasatyrus glaucope boenninghauseni,2021
1970,4.0,Heraclides himeros baia,2014
1971,4.0,Heraclides himeros baia,2021
1972,4.0,Heraclides himeros himeros,2014
1973,4.0,Heraclides himeros himeros,2021
1974,5.0,Mimoides lysithous harrisianus,2014
1975,5.0,Mimoides lysithous harrisianus,2021
1976,3.0,Mimoides lysithous sebastianus,2014
1977,3.0,Mimoides lysithous sebastianus,2021
1978,4.0,Parides ascanius,2014
1979,4.0,Parides ascanius,2021
1980,5.0,Parides bunichus chamissonia,2014
1981,5.0,Parides bunichus chamissonia,2021
1982,5.0,Parides burchellanus,2014
1983,5.0,Parides burchellanus,2021
1984,5.0,Parides klagesi,2014
1985,5.0,Parides klagesi,2021
1986,5.0,Parides panthonus castilhoi,2014
1987,5.0,Parides panthonus castilhoi,2021
1988,4.0,Parides tros danunciae,2014
1989,4.0,Parides tros danunciae,2021
1990,4.0,Charonias theano,2014
1991,4.0,Charonias theano,2021
1992,3.0,Cunizza hirlanda fulvinota,2014
1993,3.0,Cunizza hirlanda fulvinota,2021
1994,3.0,Cunizza hirlanda planasia,2014
1995,3.0,Cunizza hirlanda planasia,2021
1996,4.0,Glennia pylotis,2014
1997,4.0,Glennia pylotis,2021
1998,3.0,Moschoneura pinthous methymna,2014
1999,3.0,Moschoneura pinthous methymna,2021
2000,4.0,Perrhybris pamela flava,2014
2001,4.0,Perrhybris pamela flava,2021
2002,5.0,Joiceya praeclarus,2014
2003,5.0,Joiceya praeclarus,2021
2004,3.0,Panara ovifera,2014
2005,3.0,Panara ovifera,2021
2006,4.0,Petrocerus catiena,2014
2007,4.0,Petrocerus catiena,2021
2008,5.0,Rhetus belphegor,2014
2009,5.0,Rhetus belphegor,2021
2010,4.0,Voltinia sanarita,2014
2011,4.0,Voltinia sanarita,2021
2012,3.0,Dirphia monticola,2014
2013,3.0,Dirphia monticola,2021
2014,5.0,Nyceryx mielkei,2014
2015,5.0,Nyceryx mielkei,2021
2016,5.0,Spinopilar moria,2014
2017,5.0,Spinopilar moria,2021
2018,4.0,Spaeleoleptes spaeleus,2014
2019,4.0,Spaeleoleptes spaeleus,2021
2020,,Gonycranaus pluto,2014
2021,3.0,Gonycranaus pluto,2021
2022,1.0,Discocyrtus pedrosoi,2014
2023,3.0,Discocyrtus pedrosoi,2021
2024,4.0,Eusarcus elinae,2014
2025,4.0,Eusarcus elinae,2021
2026,5.0,Giupponia chagasi,2014
2027,4.0,Giupponia chagasi,2021
2028,4.0,Iandumoema setimapocu,2014
2029,3.0,Iandumoema setimapocu,2021
2030,,Iandumoema smeagol,2014
2031,4.0,Iandumoema smeagol,2021
2032,5.0,Iandumoema uai,2014
2033,5.0,Iandumoema uai,2021
2034,4.0,Pachylospeleus strinatii,2014
2035,5.0,Pachylospeleus strinatii,2021
2036,,Relictopiolus galadriel,2014
2037,5.0,Relictopiolus galadriel,2021
2038,4.0,Cryptops iporangensis,2014
2039,4.0,Cryptops iporangensis,2021
2040,3.0,Cryptops spelaeoraptor,2014
2041,5.0,Cryptops spelaeoraptor,2021
2042,5.0,Scolopendropsis duplicata,2014
2043,5.0,Scolopendropsis duplicata,2021
2044,,Newportia potiguar,2014
2045,3.0,Newportia potiguar,2021
2046,,Newportia spelaea,2014
2047,5.0,Newportia spelaea,2021
2048,,Scolopocryptops troglocaudatus,2014
2049,4.0,Scolopocryptops troglocaudatus,2021
2050,7.0,Neomorphus geoffroyi geoffroyi,2014
2051,7.0,Neomorphus geoffroyi geoffroyi,2021
2052,3.0,Neomorphus geoffroyi,2014
2053,3.0,Neomorphus geoffroyi,2021
2054,3.0,Neomorphus geoffroyi amazonicus,2014
2055,3.0,Neomorphus geoffroyi amazonicus,2021
2056,3.0,Neomorphus squamiger,2014
2057,3.0,Neomorphus squamiger,2021
2058,5.0,Neomorphus geoffroyi dulcis,2014
2059,4.0,Neomorphus geoffroyi dulcis,2021
2060,5.0,Bathytoshia centroura,2014
2061,5.0,Bathytoshia centroura,2021
2062,3.0,Fontitrygon colarensis,2014
2063,3.0,Fontitrygon colarensis,2021
2064,0.0,Hypanus marianae,2014
2065,3.0,Hypanus marianae,2021
2066,5.0,Gymnura altavela,2014
2067,5.0,Gymnura altavela,2021
2068,5.0,Myliobatis goodei,2014
2069,5.0,Myliobatis goodei,2021
2070,5.0,Myliobatis ridens,2014
2071,5.0,Myliobatis ridens,2021
2072,3.0,Mobula mobular,2014
2073,3.0,Mobula mobular,2021
2074,3.0,Mobula tarapacana,2014
2075,3.0,Mobula tarapacana,2021
2076,3.0,Mobula thurstoni,2014
2077,3.0,Mobula thurstoni,2021
2078,5.0,Rhinoptera brasiliensis,2014
2079,5.0,Rhinoptera brasiliensis,2021
2080,4.0,Myliobatis freminvillei,2014
2081,4.0,Myliobatis freminvillei,2021
2082,5.0,Paratrygon aiereba,2014
2083,5.0,Paratrygon aiereba,2021
2084,2.0,Atlantoraja cyclophora,2014
2085,3.0,Atlantoraja cyclophora,2021
2086,4.0,Atlantoraja castelnaui,2014
2087,4.0,Atlantoraja castelnaui,2021
2088,4.0,Rioraja agassizii,2014
2089,3.0,Rioraja agassizii,2021
2090,4.0,Sympterygia acuta,2014
2091,4.0,Sympterygia acuta,2021
2092,4.0,Sympterygia bonapartii,2014
2093,4.0,Sympterygia bonapartii,2021
2094,3.0,Zapteryx brevirostris,2014
2095,3.0,Zapteryx brevirostris,2021
2096,5.0,Pseudobatos horkelii,2014
2097,5.0,Pseudobatos horkelii,2021
2098,0.0,Pseudobatos percellens,2014
2099,3.0,Pseudobatos percellens,2021
2100,0.0,Urotrygon microphthalmum,2014
2101,3.0,Urotrygon microphthalmum,2021
2102,3.0,Priodontes maximus,2014
2103,3.0,Priodontes maximus,2021
2104,4.0,Tolypeutes tricinctus,2014
2105,4.0,Tolypeutes tricinctus,2021
2106,,Hausera hauseri,2014
2107,3.0,Hausera hauseri,2021
2108,,Girardia multidiverticulata,2014
2109,5.0,Girardia multidiverticulata,2021
2110,,Girardia desiderensis,2014
2111,5.0,Girardia desiderensis,2021
2112,,Girardia arenicola,2014
2113,5.0,Girardia arenicola,2021
2114,,Girardia paucipuntacta,2014
2115,5.0,Girardia paucipuntacta,2021
2116,,Sluysia triapertura,2014
2117,5.0,Sluysia triapertura,2021
2118,4.0,Thalassarche chlororhynchos,2014
2119,4.0,Thalassarche chlororhynchos,2021
2120,3.0,Diomedea epomophora,2014
2121,3.0,Diomedea epomophora,2021
2122,4.0,Diomedea sanfordi,2014
2123,4.0,Diomedea sanfordi,2021
2124,5.0,Diomedea exulans,2014
2125,5.0,Diomedea exulans,2021
2126,5.0,Diomedea dabbenena,2014
2127,5.0,Diomedea dabbenena,2021
2128,3.0,Procellaria conspicillata,2014
2129,3.0,Procellaria conspicillata,2021
2130,4.0,Pterodroma madeira,2014
2131,4.0,Pterodroma madeira,2021
2132,5.0,Pterodroma deserta,2014
2133,3.0,Pterodroma deserta,2021
2134,4.0,Pterodroma incerta,2014
2135,4.0,Pterodroma incerta,2021
2136,3.0,Procellaria aequinoctialis,2014
2137,3.0,Procellaria aequinoctialis,2021
2138,5.0,Puffinus lherminieri,2014
2139,5.0,Puffinus lherminieri,2021
2140,5.0,Pterodroma arminjoniana,2014
2141,5.0,Pterodroma arminjoniana,2021
2142,,Pseudosinella ambigua,2014
2143,3.0,Pseudosinella ambigua,2021
2144,,Pseudosinella guanhaensis,2014
2145,5.0,Pseudosinella guanhaensis,2021
2146,0.0,Seira arenicola,2014
2147,4.0,Seira arenicola,2021
2148,0.0,Seira mataraquensis,2014
2149,4.0,Seira mataraquensis,2021
2150,1.0,Seira musarum,2014
2151,3.0,Seira musarum,2021
2152,0.0,Seira pseudoannulata,2014
2153,4.0,Seira pseudoannulata,2021
2154,,Archisotoma arariboia,2014
2155,5.0,Archisotoma arariboia,2021
2156,3.0,Isotomiella uai,2014
2157,3.0,Isotomiella uai,2021
2158,1.0,Archisotoma catiae,2014
2159,5.0,Archisotoma catiae,2021
2160,1.0,Isotomodes cariocus,2014
2161,5.0,Isotomodes cariocus,2021
2162,1.0,Psammisotoma restingae,2014
2163,5.0,Psammisotoma restingae,2021
2164,1.0,Arlea arenicola,2014
2165,5.0,Arlea arenicola,2021
2166,0.0,Paracerura gandarela,2014
2167,3.0,Paracerura gandarela,2021
2168,1.0,Isotomurus riparius,2014
2169,5.0,Isotomurus riparius,2021
2170,1.0,Arlea psammophila,2014
2171,5.0,Arlea psammophila,2021
2172,3.0,Eukoenenia potiguar,2014
2173,3.0,Eukoenenia potiguar,2021
2174,5.0,Eukoenenia maquinensis,2014
2175,3.0,Eukoenenia maquinensis,2021
2176,5.0,Eukoenenia sagarana,2014
2177,5.0,Eukoenenia sagarana,2021
2178,5.0,Eukoenenia spelunca,2014
2179,5.0,Eukoenenia spelunca,2021
2180,4.0,Eukoenenia virgemdalapa,2014
2181,5.0,Eukoenenia virgemdalapa,2021
2182,,Eukoenenia jequitinhonha,2014
2183,5.0,Eukoenenia jequitinhonha,2021
2184,,Eukoenenia cavatica,2014
2185,5.0,Eukoenenia cavatica,2021
2186,,Eukoenenia eywa,2014
2187,4.0,Eukoenenia eywa,2021
2188,,Eukoenenia navi,2014
2189,5.0,Eukoenenia navi,2021
2190,,Eukoenenia neytiri,2014
2191,4.0,Eukoenenia neytiri,2021
2192,5.0,Leptokoenenia pelada,2014
2193,5.0,Leptokoenenia pelada,2021
2194,4.0,Leptokoenenia thalassophobica,2014
2195,4.0,Leptokoenenia thalassophobica,2021
2196,4.0,Eunice sebastiani,2014
2197,4.0,Eunice sebastiani,2021
2198,3.0,Diopatra cuprea,2014
2199,3.0,Diopatra cuprea,2021
2200,5.0,Fregata trinitatis,2014
2201,5.0,Fregata trinitatis,2021
2202,5.0,Fregata minor,2014
2203,5.0,Fregata minor,2021
2204,4.0,Sula sula,2014
2205,4.0,Sula sula,2021
2206,3.0,Furipterus horrens,2014
2207,3.0,Furipterus horrens,2021
2208,3.0,Natalus macrourus,2014
2209,3.0,Natalus macrourus,2021
2210,2.0,Lonchophylla bokermanni,2014
2211,3.0,Lonchophylla bokermanni,2021
2212,4.0,Lonchophylla dekeyseri,2014
2213,4.0,Lonchophylla dekeyseri,2021
2214,3.0,Ginglymostoma cirratum,2014
2215,3.0,Ginglymostoma cirratum,2021
2216,3.0,Rhincodon typus,2014
2217,3.0,Rhincodon typus,2021
2218,5.0,Glomeridesmus spelaeus,2014
2219,4.0,Glomeridesmus spelaeus,2021
2220,4.0,Fimoscolex sporadochaetus,2014
2221,4.0,Fimoscolex sporadochaetus,2021
2222,3.0,Halichondria cebimarensis,2014
2223,3.0,Halichondria cebimarensis,2021
2224,3.0,Halichondria tenebrica,2014
2225,3.0,Halichondria tenebrica,2021
2226,5.0,Notorynchus cepedianus,2014
2227,5.0,Notorynchus cepedianus,2021
2228,5.0,Rowlandius ubajara,2014
2229,5.0,Rowlandius ubajara,2021
2230,3.0,Latrunculia janeirensis,2014
2231,3.0,Latrunculia janeirensis,2021
2232,5.0,Megalobulimus cardosoi,2014
2233,5.0,Megalobulimus cardosoi,2021
2234,4.0,Gonyostomus insularis,2014
2235,4.0,Gonyostomus insularis,2021
2236,3.0,Megalops atlanticus,2014
2237,3.0,Megalops atlanticus,2021
2238,3.0,Corvomeyenia epilithosa,2014
2239,3.0,Corvomeyenia epilithosa,2021
2240,5.0,Racekiela cavernicola,2014
2241,3.0,Racekiela cavernicola,2021
2242,3.0,Millepora laboreli,2014
2243,3.0,Millepora laboreli,2021
2244,3.0,Mussismilia braziliensis,2014
2245,3.0,Mussismilia braziliensis,2021
2246,4.0,Mussismilia harttii,2014
2247,4.0,Mussismilia harttii,2021
2248,4.0,Mycetopoda legumen,2014
2249,4.0,Mycetopoda legumen,2021
2250,0.0,Narcine brasiliensis,2014
2251,3.0,Narcine brasiliensis,2021
2252,,Cubacubana spelaea,2014
2253,3.0,Cubacubana spelaea,2021
2254,5.0,Nyctibius leucopterus,2014
2255,5.0,Nyctibius leucopterus,2021
2256,4.0,Nyctibius aethereus aethereus,2014
2257,4.0,Nyctibius aethereus aethereus,2021
2258,3.0,Linckia guildingi,2014
2259,3.0,Linckia guildingi,2021
2260,3.0,Oreaster reticulatus,2014
2261,3.0,Oreaster reticulatus,2021
2262,5.0,Ophidion holbrookii,2014
2263,5.0,Ophidion holbrookii,2021
2264,0.0,Otophidium chickcharney,2014
2265,7.0,Otophidium chickcharney,2021
2266,5.0,Troglobius brasiliensis,2014
2267,5.0,Troglobius brasiliensis,2021
2268,5.0,Troglobius ferroicus,2014
2269,5.0,Troglobius ferroicus,2021
2270,3.0,Trogolaphysa aelleni,2014
2271,5.0,Trogolaphysa aelleni,2021
2272,4.0,Pararrhopalites papaveroi,2014
2273,4.0,Pararrhopalites papaveroi,2021
2274,,Pararrhopalites sideroicus,2014
2275,5.0,Pararrhopalites sideroicus,2021
2276,5.0,Pararrhopalites wallacei,2014
2277,5.0,Pararrhopalites wallacei,2021
2278,,Pararrhopalites ubiquum,2014
2279,3.0,Pararrhopalites ubiquum,2021
2280,4.0,Euvola ziczac,2014
2281,4.0,Euvola ziczac,2021
2282,4.0,Epiperipatus ohausi,2014
2283,4.0,Epiperipatus ohausi,2021
2284,5.0,Epiperipatus paurognostus,2014
2285,5.0,Epiperipatus paurognostus,2021
2286,5.0,Epiperipatus adenocryptus,2014
2287,5.0,Epiperipatus adenocryptus,2021
2288,3.0,Epiperipatus diadenoproctus,2014
2289,3.0,Epiperipatus diadenoproctus,2021
2290,4.0,Phaethon aethereus,2014
2291,4.0,Phaethon aethereus,2021
2292,4.0,Phaethon lepturus,2014
2293,4.0,Phaethon lepturus,2021
2294,,Endecous apterus,2014
2295,4.0,Endecous apterus,2021
2296,,Endecous peruassuensis,2014
2297,4.0,Endecous peruassuensis,2021
2298,3.0,Celeus obrieni,2014
2299,3.0,Celeus obrieni,2021
2300,4.0,Celeus torquatus pieteroyensi,2014
2301,3.0,Celeus torquatus pieteroyensi,2021
2302,4.0,Piculus paraensis,2014
2303,3.0,Piculus paraensis,2021
2304,5.0,Celeus flavus subflavus,2014
2305,5.0,Celeus flavus subflavus,2021
2306,4.0,Celeus galeatus,2014
2307,4.0,Celeus galeatus,2021
2308,3.0,Celeus torquatus tinnunculus,2014
2309,4.0,Celeus torquatus tinnunculus,2021
2310,4.0,Piculus polyzonus,2014
2311,4.0,Piculus polyzonus,2021
2312,4.0,Selenidera gouldii baturitensis,2014
2313,4.0,Selenidera gouldii baturitensis,2021
2314,3.0,Pteroglossus bitorquatus bitorquatus,2014
2315,3.0,Pteroglossus bitorquatus bitorquatus,2021
2316,3.0,Capito dayi,2014
2317,3.0,Capito dayi,2021
2318,4.0,Spiripockia punctata,2014
2319,5.0,Spiripockia punctata,2021
2320,3.0,Eustrombus goliath,2014
2321,3.0,Eustrombus goliath,2021
2322,5.0,Petaloconchus myrakeenae,2014
2323,3.0,Petaloconchus myrakeenae,2021
2324,5.0,Pristis pectinata,2014
2325,7.0,Pristis pectinata,2021
2326,5.0,Pristis pristis,2014
2327,5.0,Pristis pristis,2021
2328,,Pseudonannolene lundi,2014
2329,5.0,Pseudonannolene lundi,2021
2330,4.0,Pseudonannolene ambuatinga,2014
2331,4.0,Pseudonannolene ambuatinga,2021
2332,5.0,Pseudonannolene spelaea,2014
2333,5.0,Pseudonannolene spelaea,2021
2334,4.0,Pseudonannolene imbirensis,2014
2335,4.0,Pseudonannolene imbirensis,2021
2336,5.0,Pseudonannolene tocaiensis,2014
2337,5.0,Pseudonannolene tocaiensis,2021
2338,4.0,Aratinga solstitialis,2014
2339,4.0,Aratinga solstitialis,2021
2340,2.0,Pyrrhura molinae,2014
2341,3.0,Pyrrhura molinae,2021
2342,4.0,Anodorhynchus leari,2014
2343,4.0,Anodorhynchus leari,2021
2344,7.0,Cyanopsitta spixii,2014
2345,5.0,Cyanopsitta spixii,2021
2346,4.0,Pyrrhura griseipectus,2014
2347,4.0,Pyrrhura griseipectus,2021
2348,4.0,Pyrrhura pfrimeri,2014
2349,4.0,Pyrrhura pfrimeri,2021
2350,3.0,Guaruba guarouba,2014
2351,3.0,Guaruba guarouba,2021
2352,3.0,Pyrilia vulturina,2014
2353,3.0,Pyrilia vulturina,2021
2354,1.0,Pyrrhura amazonum,2014
2355,3.0,Pyrrhura amazonum,2021
2356,1.0,Pyrrhura perlata,2014
2357,3.0,Pyrrhura perlata,2021
2358,2.0,Pyrrhura anerythra,2014
2359,3.0,Pyrrhura anerythra,2021
2360,3.0,Pyrrhura coerulescens,2014
2361,3.0,Pyrrhura coerulescens,2021
2362,3.0,Amazona pretrei,2014
2363,3.0,Amazona pretrei,2021
2364,3.0,Amazona rhodocorytha,2014
2365,3.0,Amazona rhodocorytha,2021
2366,3.0,Amazona vinacea,2014
2367,3.0,Amazona vinacea,2021
2368,3.0,Pionus reichenowi,2014
2369,3.0,Pionus reichenowi,2021
2370,3.0,Pyrrhura cruentata,2014
2371,3.0,Pyrrhura cruentata,2021
2372,3.0,Pyrrhura leucotis,2014
2373,3.0,Pyrrhura leucotis,2021
2374,3.0,Touit melanonotus,2014
2375,3.0,Touit melanonotus,2021
2376,3.0,Touit surdus,2014
2377,3.0,Touit surdus,2021
2378,6.0,Anodorhynchus glaucus,2014
2379,6.0,Anodorhynchus glaucus,2021
2380,3.0,Psophia dextralis,2014
2381,3.0,Psophia dextralis,2021
2382,3.0,Psophia interjecta,2014
2383,4.0,Psophia interjecta,2021
2384,5.0,Psophia obscura,2014
2385,5.0,Psophia obscura,2021
2386,0.0,Laterallus xenopterus,2014
2387,4.0,Laterallus xenopterus,2021
2388,3.0,Scorpaenodes insularis,2014
2389,3.0,Scorpaenodes insularis,2021
2390,5.0,Willeya loya,2014
2391,5.0,Willeya loya,2021
2392,5.0,Squatina argentina,2014
2393,5.0,Squatina argentina,2021
2394,5.0,Squatina guggenheim,2014
2395,5.0,Squatina guggenheim,2021
2396,5.0,Squatina occulta,2014
2397,5.0,Squatina occulta,2021
2398,3.0,Pulsatrix perspicillata pulsatrix,2014
2399,5.0,Pulsatrix perspicillata pulsatrix,2021
2400,9.0,Glaucidium mooreorum,2014
2401,9.0,Glaucidium mooreorum,2021
2402,3.0,Strix huhula albomarginata,2014
2403,3.0,Strix huhula albomarginata,2021
2404,5.0,Synaptula secreta,2014
2405,5.0,Synaptula secreta,2021
2406,3.0,Hippocampus patagonicus,2014
2407,3.0,Hippocampus patagonicus,2021
2408,3.0,Hippocampus erectus,2014
2409,3.0,Hippocampus erectus,2021
2410,3.0,Hippocampus reidi,2014
2411,3.0,Hippocampus reidi,2021
2412,3.0,Tapirus terrestris,2014
2413,3.0,Tapirus terrestris,2021
2414,4.0,Nothura minor,2014
2415,4.0,Nothura minor,2021
2416,4.0,Taoniscus nanus,2014
2417,4.0,Taoniscus nanus,2021
2418,3.0,Tinamus tao,2014
2419,3.0,Tinamus tao,2021
2420,3.0,Lytechinus variegatus,2014
2421,3.0,Lytechinus variegatus,2021
2422,3.0,Trichechus inunguis,2014
2423,3.0,Trichechus inunguis,2021
2424,4.0,Trichechus manatus,2014
2425,4.0,Trichechus manatus,2021
2426,3.0,Phaethornis aethopygus,2014
2427,3.0,Phaethornis aethopygus,2021
2428,4.0,Augastes lumachella,2014
2429,4.0,Augastes lumachella,2021
2430,,Colibri delphinae greenewalti,2014
2431,4.0,Colibri delphinae greenewalti,2021
2432,3.0,Lophornis gouldii,2014
2433,3.0,Lophornis gouldii,2021
2434,,Campylopterus calcirupicola,2014
2435,4.0,Campylopterus calcirupicola,2021
2436,4.0,Discosura langsdorffi langsdorffi,2014
2437,4.0,Discosura langsdorffi langsdorffi,2021
2438,4.0,Glaucis dohrnii,2014
2439,3.0,Glaucis dohrnii,2021
2440,4.0,Phaethornis margarettae,2014
2441,4.0,Phaethornis margarettae,2021
2442,4.0,Thalurania watertonii,2014
2443,4.0,Thalurania watertonii,2021
2444,4.0,Trogon collaris eytoni,2014
2445,4.0,Trogon collaris eytoni,2021
2446,5.0,Phyllocaulis renschi,2014
2447,5.0,Phyllocaulis renschi,2021
