,fk_id_familia,fk_id_grupo,nome_cientifico,fk_id_categoria
1,0,1,Harpia harpyja,3.0
3,0,1,Morphnus guianensis,3.0
5,0,1,Urubitinga coronata,4.0
7,0,1,Amadonastur lacernulatus,3.0
9,0,1,Circus cinereus,3.0
11,0,1,Leptodon forbesi,4.0
13,1,9,Achirus mucuri,3.0
15,2,2,Condylactis gigantea,4.0
17,3,4,Aegla franca,5.0
19,3,4,Aegla leptodactyla,3.0
21,3,4,Aegla perobae,5.0
23,3,4,Aegla renana,5.0
25,3,4,Aegla cavernicola,5.0
27,3,4,Aegla leptochela,5.0
29,3,4,Aegla microphthalma,5.0
31,3,4,Aegla charon,5.0
33,3,4,Aegla brevipalma,5.0
35,3,4,Aegla camargoi,4.0
37,3,4,Aegla inconspicua,3.0
39,3,4,Aegla inermis,4.0
41,3,4,Aegla itacolomiensis,4.0
43,3,4,Aegla leachi,4.0
45,3,4,Aegla manuinflata,4.0
47,3,4,Aegla oblata,4.0
49,3,4,Aegla obstipa,4.0
51,3,4,Aegla violacea,4.0
53,4,2,Cardisoma guanhumi,3.0
55,4,2,Johngarthia lagostoma,4.0
57,5,4,Castoraeschna januaria,3.0
59,5,4,Rhionaeschna eduardoi,4.0
61,6,4,Phyllocycla bartica,3.0
63,7,4,Elasmothemis schubarti,4.0
65,7,4,Macrothemis tessellata,3.0
67,7,4,Micrathyria borgmeieri,3.0
69,7,4,Micrathyria divergens,3.0
71,8,4,Heteragrion petiense,4.0
73,9,9,Alopias superciliosus,4.0
75,9,9,Alopias vulpinus,5.0
77,10,9,Cetorhinus maximus,5.0
79,11,9,Carcharodon carcharias,3.0
81,12,9,Carcharias taurus,5.0
83,13,10,Amphisbaena arda,4.0
85,13,10,Amphisbaena frontalis,4.0
87,13,10,Amphisbaena nigricauda,4.0
89,13,10,Amphisbaena supernumeraria,4.0
91,13,10,Amphisbaena uroxena,4.0
93,13,10,Leposternon kisteumacheri,3.0
95,13,10,Leposternon octostegum,4.0
97,13,10,Leposternon scutigerum,4.0
99,14,10,Corallus cropanii,3.0
101,15,10,Dactyloa nasofrontalis,3.0
103,15,10,Dactyloa pseudotigrina,3.0
105,16,10,Apostolepis gaboi,4.0
107,16,10,Apostolepis striata,4.0
109,16,10,Atractus ronnie,4.0
111,16,10,Echinanthera cephalomaculata,3.0
113,16,10,Phalotris multipunctatus,4.0
115,16,10,Rodriguesophis chui,4.0
117,16,10,Rodriguesophis scriptorcibatus,4.0
119,16,10,Apostolepis arenaria,4.0
121,16,10,Apostolepis quirogai,4.0
123,16,10,Atractus caete,4.0
125,16,10,Atractus thalesdelemai,4.0
127,16,10,Calamodontophis ronaldoi,4.0
129,16,10,Ditaxodon taeniatus,3.0
131,16,10,Philodryas livida,3.0
133,17,10,Bachia psamophila,5.0
135,17,10,Calyptommatus leiolepis,4.0
137,17,10,Leposoma baturitensis,4.0
139,17,10,Leposoma puk,4.0
141,17,10,Bachia didactyla,4.0
143,17,10,Calyptommatus nicterus,4.0
145,17,10,Calyptommatus sinebrachiatus,4.0
147,17,10,Colobodactylus dalcyanus,4.0
149,17,10,Heterodactylus lundii,3.0
151,17,10,Heterodactylus septentrionalis,4.0
153,17,10,Leposoma annectans,3.0
155,17,10,Leposoma nanodactylus,4.0
157,17,10,Placosoma cipoense,4.0
159,17,10,Procellosaurinus tetradactylus,4.0
161,18,10,Enyalius erythroceneus,5.0
163,19,10,Liolaemus lutzae,5.0
165,19,10,Liolaemus arambarensis,4.0
167,19,10,Liolaemus occipitalis,3.0
169,20,10,Brasiliscincus caissara,4.0
171,21,10,Homonota uruguayensis,3.0
173,22,10,Gonatodes tapajonicus,4.0
175,22,10,Coleodactylus natalensis,4.0
177,23,10,Ameivula nativo,4.0
179,23,10,Contomastix vacariensis,3.0
181,23,10,Kentropyx vanzoi,3.0
183,23,10,Ameiva parecis,4.0
185,23,10,Glaucomastix abaetensis,4.0
187,23,10,Glaucomastix littoralis,4.0
189,24,10,Tropidophis grapiuna,3.0
191,25,10,Eurolophosaurus amathites,4.0
193,25,10,Stenocercus dumerilii,3.0
195,25,10,Tropidurus erythrocephalus,3.0
197,25,10,Tropidurus imbituba,5.0
199,25,10,Tropidurus psammonastes,4.0
201,25,10,Stenocercus azureus,4.0
203,25,10,Tropidurus hygomi,3.0
205,26,10,Bothrops alcatraz,5.0
207,26,10,Bothrops muriciensis,4.0
209,26,10,Bothrops pirajai,4.0
211,26,10,Bothrops insularis,5.0
213,26,10,Bothrops otavioi,5.0
215,27,3,Pomacea sordida,4.0
217,28,3,Potamolithus karsticus,5.0
219,28,4,Potamolithus troglobius,5.0
221,29,8,Jenynsia sanctaecatarinae,4.0
223,30,8,Cnesterodon iguape,5.0
225,30,8,Phalloptychus eigenmanni,5.0
227,30,8,Phallotorynus fasciolatus,7.0
229,30,8,Cnesterodon carnegiei,3.0
231,30,8,Cnesterodon omorgmatos,5.0
233,31,8,Anablepsoides cearensis,5.0
235,31,8,Atlantirivulus nudiventris,5.0
237,31,8,Austrolebias univentripinnis,5.0
239,31,8,Cynopoecilus intimus,3.0
241,31,8,Maratecoara formosa,3.0
243,31,8,Melanorivulus illuminatus,3.0
245,31,8,Melanorivulus scalaris,4.0
247,31,8,Nematolebias whitei,5.0
249,31,8,Plesiolebias xavantei,4.0
251,31,8,Hypsolebias flammeus,4.0
253,31,8,Hypsolebias multiradiatus,5.0
255,31,8,Kryptolebias campelloi,5.0
257,31,8,Maratecoara splendida,3.0
259,31,8,Melanorivulus crixas,3.0
261,31,8,Melanorivulus karaja,3.0
263,31,8,Melanorivulus kayapo,3.0
265,31,8,Melanorivulus kunzei,3.0
267,31,8,Melanorivulus rubromarginatus,3.0
269,31,8,Melanorivulus salmonicaudus,3.0
271,31,8,Melanorivulus ubirajarai,3.0
273,31,8,Pituna xinguensis,5.0
275,31,8,Plesiolebias canabravensis,3.0
277,31,8,Spectrolebias reticulatus,5.0
279,31,8,Trigonectes strigabundus,4.0
281,31,8,Atlantirivulus lazzarotoi,5.0
283,31,8,Atlantirivulus maricensis,5.0
285,31,8,Atlantirivulus simplicis,4.0
287,31,8,Austrolebias adloffi,4.0
289,31,8,Austrolebias alexandri,4.0
291,31,8,Austrolebias arachan,3.0
293,31,8,Austrolebias carvalhoi,5.0
295,31,8,Austrolebias cheradophilus,5.0
297,31,8,Austrolebias cyaneus,4.0
299,31,8,Austrolebias ibicuiensis,4.0
301,31,8,Austrolebias jaegari,5.0
303,31,8,Austrolebias litzi,3.0
305,31,8,Austrolebias nachtigalli,3.0
307,31,8,Austrolebias nigrofasciatus,4.0
309,31,8,Austrolebias paucisquama,3.0
311,31,8,Austrolebias varzeae,5.0
313,31,8,Campellolebias brucei,5.0
315,31,8,Campellolebias chrysolineatus,5.0
317,31,8,Campellolebias dorsimaculatus,5.0
319,31,8,Campellolebias intermedius,5.0
321,31,8,Cynolebias griseus,4.0
323,31,8,Cynolebias leptocephalus,4.0
325,31,8,Cynolebias parnaibensis,5.0
327,31,8,Hypsolebias adornatus,5.0
329,31,8,Hypsolebias alternatus,4.0
331,31,8,Hypsolebias auratus,5.0
333,31,8,Hypsolebias brunoi,3.0
335,31,8,Hypsolebias carlettoi,4.0
337,31,8,Hypsolebias delucai,3.0
339,31,8,Hypsolebias fasciatus,3.0
341,31,8,Hypsolebias flavicaudatus,4.0
343,31,8,Hypsolebias fulminantis,5.0
345,31,8,Hypsolebias ghisolfii,4.0
347,31,8,Hypsolebias gibberatus,3.0
349,31,8,Hypsolebias gilbertobrasili,5.0
351,31,8,Hypsolebias guanambi,3.0
353,31,8,Hypsolebias harmonicus,3.0
355,31,8,Hypsolebias hellneri,4.0
357,31,8,Hypsolebias igneus,4.0
359,31,8,Hypsolebias janaubensis,5.0
361,31,8,Hypsolebias longignatus,3.0
363,31,8,Hypsolebias lopesi,5.0
365,31,8,Hypsolebias macaubensis,4.0
367,31,8,Hypsolebias magnificus,4.0
369,31,8,Hypsolebias mediopapillatus,3.0
371,31,8,Hypsolebias nielseni,4.0
373,31,8,Hypsolebias notatus,4.0
375,31,8,Hypsolebias nudiorbitatus,3.0
377,31,8,Hypsolebias picturatus,4.0
379,31,8,Hypsolebias radiseriatus,4.0
381,31,8,Hypsolebias rufus,5.0
383,31,8,Hypsolebias stellatus,4.0
385,31,8,Hypsolebias trilineatus,5.0
387,31,8,Hypsolebias virgulatus,5.0
389,31,8,Kryptolebias brasiliensis,4.0
391,31,8,Kryptolebias gracilis,5.0
393,31,8,Leptopanchax citrinipinnis,5.0
395,31,8,Leptopanchax itanhaensis,5.0
397,31,8,Leptolebias marmoratus,5.0
399,31,8,Leptopanchax opalescens,5.0
401,31,8,Leptopanchax splendens,5.0
403,31,8,Melanorivulus pinima,4.0
405,31,8,Melanorivulus rutilicaudus,3.0
407,31,8,Melanorivulus vittatus,4.0
409,31,8,Nematolebias catimbau,5.0
411,31,8,Nematolebias papilliferus,5.0
413,31,8,Notholebias cruzi,5.0
415,31,8,Notholebias fractifasciatus,5.0
417,31,8,Notholebias minimus,4.0
419,31,8,Notholebias vermiculatus,5.0
421,31,8,Ophthalmolebias bokermanni,5.0
423,31,8,Ophthalmolebias constanciae,5.0
425,31,8,Ophthalmolebias ilheusensis,4.0
427,31,8,Ophthalmolebias perpendicularis,5.0
429,31,8,Ophthalmolebias rosaceus,5.0
431,31,8,Ophthalmolebias suzarti,3.0
433,31,8,Pituna brevirostrata,5.0
435,31,8,Simpsonichthys boitonei,5.0
437,31,8,Simpsonichthys nigromaculatus,3.0
439,31,8,Simpsonichthys parallelus,4.0
441,31,8,Simpsonichthys punctulatus,5.0
443,31,8,Simpsonichthys santanae,4.0
445,31,8,Simpsonichthys zonatus,7.0
447,31,8,Xenurolebias myersi,4.0
449,31,8,Austrolebias camaquensis,4.0
451,31,8,Austrolebias pelotapes,5.0
453,31,8,Austrolebias pongondo,4.0
455,31,8,Cynolebias elegans,5.0
457,31,8,Cynolebias gorutuba,4.0
459,31,8,Cynopoecilus feltrini,3.0
461,31,8,Hypsolebias faouri,3.0
463,31,8,Simpsonichthys espinhacensis,4.0
465,31,8,Moema piriana,7.0
467,31,8,Hypsolebias marginatus,7.0
469,31,8,Hypsolebias tocantinensis,5.0
471,31,8,Simpsonichthys cholopteryx,4.0
473,31,8,Austrolebias araucarianus,3.0
475,31,8,Austrolebias bagual,5.0
477,31,8,Cynolebias akroa,3.0
479,31,8,Hypsolebias gardneri,4.0
481,31,8,Hypsolebias hamadryades,5.0
483,31,8,Hypsolebias shibattai,3.0
485,31,8,Hypsolebias splendissimus,3.0
487,31,8,Austrolebias ephemerus,4.0
489,31,8,Austrolebias quirogai,5.0
491,31,8,Austrolebias cinereus,5.0
493,32,1,Mergus octosetaceus,5.0
495,33,3,Arhysosage cactorum,3.0
497,34,3,Melipona rufiventris,4.0
499,34,3,Melipona scutellaris,4.0
501,34,3,Melipona capixaba,4.0
503,34,3,Partamona littoralis,4.0
505,35,3,Dinoponera lucida,4.0
507,35,3,Gnamptogenys wilsoni,4.0
509,35,3,Mycetophylax simplex,3.0
511,35,3,Mycetomoellerius atlanticus,3.0
513,35,3,Atta robusta,3.0
515,35,3,Brachymyrmex micromegas,3.0
517,35,3,Diaphoromyrma sofiae,4.0
519,35,3,Monomorium delabiei,3.0
521,35,3,Mycetagroicus urbanus,5.0
523,35,3,Rhopalothrix plaumanni,4.0
525,35,3,Fulakora cleae,5.0
527,36,8,Leporinus guttatus,3.0
529,36,8,Leporinus pitingai,5.0
531,36,8,Hypomasticus thayeri,3.0
533,36,8,Sartor tucuruiense,4.0
535,37,8,Brycon devillei,4.0
537,37,8,Bryconamericus lambari,4.0
539,37,8,Diapoma pyrrhopteryx,4.0
541,37,8,Henochilus wheatlandii,5.0
543,37,8,Hollandichthys taramandahy,4.0
545,37,8,Rachoviscus crassiceps,4.0
547,37,8,Spintherobolus leptoura,4.0
549,37,8,Stygichthys typhlops,4.0
551,37,8,Brycon gouldingi,4.0
553,37,8,Ossubtus xinguense,3.0
555,37,8,Rhinopetitia potamorhachia,4.0
557,37,8,Brycon insignis,4.0
559,37,8,Brycon opalinus,3.0
561,37,8,Spintherobolus broccae,4.0
563,37,8,Brycon orbignyanus,5.0
565,37,8,Hasemania crenuchoides,4.0
567,37,8,Hasemania maxillaris,7.0
569,37,8,Hasemania melanura,7.0
571,37,8,Hyphessobrycon duragenys,4.0
573,37,8,Hyphessobrycon flammeus,4.0
575,37,8,Hyphessobrycon taurocephalus,7.0
577,37,8,Spintherobolus papilliferus,4.0
579,37,8,Astyanax eremus,5.0
581,37,8,Hasemania uberaba,4.0
583,37,8,Brycon vermelha,4.0
585,37,8,Hasemania piatan,4.0
587,37,8,Kolpotocheirodon figueiredoi,5.0
589,37,8,Lepidocharax diamantina,4.0
591,37,8,Mimagoniates lateralis,3.0
593,37,8,Mimagoniates sylvicola,4.0
595,37,8,Rachoviscus graciliceps,4.0
597,37,8,Spintherobolus ankoseion,3.0
599,38,8,Characidium vestigipinne,5.0
601,38,8,Melanocharacidium nigrum,4.0
603,38,8,Characidium grajahuensis,5.0
605,39,8,Roestes itupiranga,3.0
607,40,8,Lebiasina melanoguttata,3.0
609,40,8,Lebiasina marilynae,3.0
611,40,8,Lebiasina minuta,3.0
613,41,8,Apareiodon davisi,4.0
615,42,8,Prochilodus britskii,4.0
617,42,8,Prochilodus vimboides,3.0
619,43,8,Myloplus tiete,4.0
621,43,8,Mylesinus paucisquamatus,4.0
623,44,8,Sternarchella curvioperculata,4.0
625,44,8,Sternarchorhynchus britskii,4.0
627,44,8,Tembeassu marauna,5.0
629,44,8,Sternarchogiton zuanoni,4.0
631,44,8,Sternarchorhynchus caboclo,3.0
633,44,8,Sternarchorhynchus higuchii,5.0
635,44,8,Sternarchorhynchus inpai,3.0
637,44,8,Sternarchorhynchus jaimei,5.0
639,44,8,Sternarchorhynchus kokraimoro,4.0
641,44,8,Sternarchorhynchus mareikeae,3.0
643,44,8,Sternarchorhynchus severii,3.0
645,44,8,Sternarchorhynchus villasboasi,4.0
647,45,8,Eigenmannia vicentespelaea,3.0
649,45,8,Archolaemus ferreirai,3.0
651,45,8,Archolaemus santosi,3.0
653,46,1,Tigrisoma fasciatum,3.0
655,47,8,Paragenidens grandoculis,5.0
657,47,9,Genidens planifrons,5.0
659,47,9,Genidens barbus,4.0
661,47,9,Sciades parkeri,3.0
663,48,8,Corydoras lacerdai,4.0
665,48,8,Scleromystax macropterus,4.0
667,49,8,Kalyptodoras bahiensis,4.0
669,49,8,Rhynchodoras xingui,4.0
671,50,8,Rhamdia jequitinhonha,3.0
673,50,8,Rhamdiopsis krugi,3.0
675,50,8,Pimelodella spelaea,4.0
677,50,8,Chasmocranus brachynemus,4.0
679,50,8,Heptapterus multiradiatus,7.0
681,50,8,Taunayia bifasciata,3.0
683,50,8,Pimelodella kronei,4.0
685,51,8,Ancistrus formoso,3.0
687,51,8,Loricaria coximensis,5.0
689,51,8,Neoplecostomus botucatu,3.0
691,51,8,Otothyris juquiae,5.0
693,51,8,Pareiorhaphis nasuta,5.0
695,51,8,Pareiorhaphis scutula,4.0
697,51,8,Pogonopoma obscurum,4.0
699,51,8,Pogonopoma parahybae,4.0
701,51,8,Pseudotocinclus juquiae,5.0
703,51,8,Ancistrus minutus,4.0
705,51,8,Harttia depressa,4.0
707,51,8,Baryancistrus longipinnis,5.0
709,51,8,Baryancistrus niveatus,5.0
711,51,8,Harttia dissidens,3.0
713,51,8,Leporacanthicus joselimai,3.0
715,51,8,Lithoxus lithoides,3.0
717,51,8,Scobinancistrus aureatus,3.0
719,51,8,Scobinancistrus pariolispos,3.0
721,51,8,Delturus parahybae,5.0
723,51,8,Hypostomus subcarinatus,5.0
725,51,8,Plesioptopoma curvidens,5.0
727,51,8,Isbrueckerichthys saxicola,4.0
729,51,8,Microlepidogaster perforatus,5.0
731,51,8,Pseudotocinclus tietensis,4.0
733,51,8,Harttia panara,3.0
735,51,8,Harttia villasboas,3.0
737,51,8,Parancistrus nudiventris,4.0
739,51,8,Hypancistrus zebra,5.0
741,51,8,Ancistrus cryptophthalmus,4.0
743,51,8,Hemiancistrus megalopteryx,4.0
745,51,8,Parotocinclus spilurus,4.0
747,52,8,Steindachneridion amblyurum,5.0
749,52,8,Steindachneridion doceanum,5.0
751,52,8,Steindachneridion scriptum,4.0
753,52,8,Aguarunichthys tocantinsensis,4.0
755,52,8,Pimelodus joannis,3.0
757,52,8,Pimelodus stewartii,3.0
759,52,8,Conorhynchos conirostris,4.0
761,52,8,Steindachneridion parahybae,4.0
763,52,8,Steindachneridion melanodermatum,4.0
765,52,8,Pseudoplatystoma corruscans,3.0
767,53,8,Microglanis robustus,5.0
769,53,8,Lophiosilurus alexandri,3.0
771,53,8,Microglanis maculatus,5.0
773,54,8,Glaphyropoma spinosum,3.0
775,54,8,Ituglanis cahyensis,4.0
777,54,8,Ituglanis epikarsticus,3.0
779,54,8,Ituglanis passensis,3.0
781,54,8,Listrura camposi,5.0
783,54,8,Listrura nematopteryx,5.0
785,54,8,Microcambeva draco,4.0
787,54,8,Trichogenes claviger,5.0
789,54,8,Trichomycterus dali,3.0
791,54,8,Trichomycterus itacarambiensis,5.0
793,54,8,Trichomycterus triguttatus,5.0
795,54,8,Ituglanis mambai,4.0
797,54,8,Cambeva crassicaudata,4.0
799,54,8,Cambeva igobi,3.0
801,54,8,Cambeva mboycy,4.0
803,54,8,Cambeva paolence,4.0
805,54,8,Cambeva pascuali,5.0
807,54,8,Ituglanis bambui,5.0
809,54,8,Ituglanis ramiroi,3.0
811,54,8,Trichomycterus rubbioli,3.0
813,55,0,Anomaloglossus apiau,4.0
815,55,0,Anomaloglossus tepequem,7.0
817,56,0,Brachycephalus pernix,5.0
819,56,0,Ischnocnema manezinho,4.0
821,56,0,Brachycephalus quiririensis,4.0
823,56,0,Ischnocnema karst,3.0
825,56,0,Ischnocnema garciai,5.0
827,56,0,Ischnocnema epipeda,7.0
829,56,0,Brachycephalus mirissimus,3.0
831,57,0,Melanophryniscus admirabilis,5.0
833,57,0,Melanophryniscus cambaraensis,4.0
835,57,0,Melanophryniscus dorsalis,3.0
837,57,0,Melanophryniscus macrogranulosus,4.0
839,57,0,Melanophryniscus biancae,4.0
841,57,0,Melanophryniscus montevidensis,3.0
843,57,0,Rhinella casconi,5.0
845,57,0,Melanophryniscus klappenbachi,3.0
847,57,0,Melanophryniscus setiba,3.0
849,58,0,Ceratophrys ornata,7.0
851,59,0,Euparkerella robusta,5.0
853,60,0,Cycloramphus diringshofeni,5.0
855,60,0,Cycloramphus faustoi,3.0
857,60,0,Cycloramphus stejnegeri,7.0
859,60,0,Thoropa lutzi,7.0
861,60,0,Thoropa petropolitana,7.0
863,61,0,Adelophryne maranguapensis,5.0
865,62,0,Scinax muriciensis,5.0
867,62,0,Sphaenorhynchus bromelicola,4.0
869,62,0,Sphaenorhynchus cammaeus,5.0
871,62,0,Boana buriti,3.0
873,62,0,Bokermannohyla napolii,3.0
875,62,0,Scinax pinimus,3.0
877,62,0,Nyctimantis pomba,5.0
879,62,0,Bokermannohyla vulcaniae,4.0
881,62,0,Scinax alcatraz,3.0
883,62,0,Scinax faivovichi,3.0
885,62,0,Scinax peixotoi,7.0
887,62,0,Xenohyla truncata,3.0
889,62,0,Sphaenorhynchus canga,5.0
891,62,0,Boana cymbalum,9.0
893,63,0,Crossodactylus dantei,5.0
895,63,0,Crossodactylus franciscanus,7.0
897,63,0,Crossodactylus dispar,7.0
899,63,0,Hylodes glaber,7.0
901,63,0,Hylodes magalhaesi,3.0
903,63,0,Hylodes mertensi,5.0
905,63,0,Hylodes sazimai,4.0
907,63,0,Crossodactylus boulengeri,7.0
909,64,0,Physalaemus soaresi,5.0
911,65,0,Crossodactylodes itambe,5.0
913,65,0,Crossodactylodes izecksohni,4.0
915,65,0,Paratelmatobius lutzii,7.0
917,66,0,Chiasmocleis alagoana,3.0
919,67,0,Proceratophrys palustris,5.0
921,67,0,Proceratophrys sanctaritae,5.0
923,67,0,Proceratophrys ararype,5.0
925,68,0,Pithecopus rusticus,5.0
927,68,0,Phrynomedusa marginata,7.0
929,68,0,Phrynomedusa vanzolinii,7.0
931,68,0,Phrynomedusa fimbriata,9.0
933,69,0,Holoaden bradei,7.0
935,70,3,Arrhopalites alambariensis,3.0
937,70,3,Arrhopalites amorimi,3.0
939,70,3,Arrhopalites botuveraensis,3.0
941,70,3,Arrhopalites gnaspinii,5.0
943,70,3,Arrhopalites heteroculatus,3.0
945,70,3,Arrhopalites lawrencei,3.0
947,70,3,Arrhopalites paranaensis,5.0
949,70,3,Arrhopalites glabrofasciatus,4.0
951,71,4,Spelaeogammarus bahiensis,3.0
953,71,4,Spelaeogammarus sanctus,5.0
955,71,4,Spelaeogammarus santanensis,5.0
957,71,4,Spelaeogammarus spinilacertus,4.0
959,71,4,Spelaeogammarus titan,5.0
961,71,4,Spelaeogammarus trajanoae,4.0
963,72,4,Megagidiella azul,3.0
965,73,4,Hyalella caeca,3.0
967,74,4,Hyalella epikarstica,5.0
969,74,4,Hyalella formosa,5.0
971,74,4,Hyalella veredae,5.0
973,74,4,Hyalella imbya,7.0
975,75,4,Potiberaba porakuara,3.0
977,76,4,Seborgia potiguar,5.0
979,77,2,Coscinasterias tenuispina,3.0
981,78,2,Astropecten articulatus,3.0
983,78,2,Astropecten brasiliensis,3.0
985,78,2,Astropecten marginatus,3.0
987,79,2,Luidia senegalensis,3.0
989,80,6,Ateles chamek,3.0
991,80,6,Brachyteles arachnoides,4.0
993,80,6,Brachyteles hypoxanthus,5.0
995,80,6,Ateles belzebuth,3.0
997,80,6,Ateles marginatus,4.0
999,80,6,Alouatta belzebul,3.0
1001,80,6,Alouatta discolor,3.0
1003,80,6,Alouatta ululata,4.0
1005,80,6,Alouatta guariba clamitans,3.0
1007,80,6,Alouatta guariba guariba,5.0
1009,81,6,Callithrix flaviceps,4.0
1011,81,6,Leontopithecus chrysomelas,4.0
1013,81,6,Mico rondoni,3.0
1015,81,6,Saguinus bicolor,5.0
1017,81,6,Saguinus niger,3.0
1019,81,6,Callithrix aurita,4.0
1021,81,6,Leontopithecus caissara,4.0
1023,81,6,Leontopithecus chrysopygus,4.0
1025,81,6,Leontopithecus rosalia,4.0
1027,82,6,Saimiri vanzolinii,3.0
1029,82,6,Cebus kaapori,5.0
1031,82,6,Sapajus cay,3.0
1033,82,6,Sapajus flavius,4.0
1035,82,6,Sapajus robustus,4.0
1037,82,6,Sapajus xanthosternos,4.0
1039,83,6,Callicebus barbarabrownae,5.0
1041,83,6,Callicebus melanochir,3.0
1043,83,6,Chiropotes satanas,5.0
1045,83,6,Chiropotes utahickae,3.0
1047,83,6,Callicebus coimbrai,4.0
1049,83,6,Callicebus personatus,3.0
1051,84,8,Odontesthes bicudo,4.0
1053,85,4,Adebrotus lugoi,3.0
1055,85,4,Camelobaetidius juparana,3.0
1057,85,4,Camelobaetidius maranhensis,3.0
1059,85,4,Camelobaetidius spinosus,3.0
1061,86,4,Hermanella amere,4.0
1063,86,4,Hermanella nigra,3.0
1065,86,4,Simothraulopsis eurybasis,3.0
1067,87,7,Eubalaena australis,4.0
1069,88,7,Balaenoptera borealis,4.0
1071,88,7,Balaenoptera musculus,5.0
1073,88,7,Balaenoptera physalus,4.0
1075,89,7,Sotalia guianensis,3.0
1077,89,7,Tursiops gephyreus,4.0
1079,90,7,Inia geoffrensis,4.0
1081,90,7,Inia araguaiaensis,3.0
1083,91,7,Physeter macrocephalus,3.0
1085,92,7,Pontoporia blainvillei,5.0
1087,93,3,Litoblatta camargoi,4.0
1089,94,3,Spelaeobochica iuiu,4.0
1091,94,3,Spelaeobochica muchmorei,5.0
1093,94,3,Spelaeobochica allodentatus,4.0
1095,95,3,Maxchernes iporangae,5.0
1097,95,3,Spelaeochernes gracilipalpus,4.0
1099,96,3,Pseudochthonius biseriatus,4.0
1101,97,3,Ideoroncus cavicola,4.0
1103,98,3,Progarypus nigrimanus,5.0
1105,99,2,Bouchardia rosea,4.0
1107,100,3,Maricaella duna,5.0
1109,101,3,Acherontides eleonorae,3.0
1111,102,3,Aethiopella littoralis,5.0
1113,102,3,Hyleanura mendoncae,3.0
1115,102,3,Arlesia intermedia,5.0
1117,102,3,Micranurida fluminensis,5.0
1119,103,3,Agraphorura mariapetrae,5.0
1121,104,3,Mesaphorura maricaensis,5.0
1123,105,6,Bradypus torquatus,3.0
1125,106,6,Myrmecophaga tridactyla,3.0
1127,107,4,Brasileirinho cavaticus,5.0
1129,108,4,Pongycarcinia xiphidiourus,4.0
1131,109,3,Iansaoniscus iraquara,5.0
1133,109,3,Iansaoniscus georginae,5.0
1135,110,3,Amazoniscus leistikowi,5.0
1137,110,3,Circoniscus carajasensis,4.0
1139,110,3,Circoniscus buckupi,5.0
1141,111,3,Iuiuniscus iuiuensis,3.0
1143,111,3,Spelunconiscus castroi,5.0
1145,111,3,Xangoniscus aganju,4.0
1147,111,3,Xangoniscus odara,4.0
1149,111,3,Xangoniscus itacarambiensis,5.0
1151,112,1,Monasa morphoeus morphoeus,4.0
1153,113,3,Thaumastus lundi,5.0
1155,113,3,Tomigerus gibberulus,4.0
1157,114,3,Lymnaea rupestris,3.0
1159,115,3,Plesiophysa dolichomastix,5.0
1161,116,4,Hypselartemon alveus,3.0
1163,117,3,Succinea lopesi,4.0
1165,118,1,Burhinus bistriatus,3.0
1167,119,1,Charadrius wilsonia,3.0
1169,120,1,Numenius hudsonicus,3.0
1171,120,1,Calidris subruficollis,3.0
1173,120,1,Calidris canutus,3.0
1175,120,1,Calidris pusilla,4.0
1177,120,1,Limnodromus griseus,4.0
1179,120,1,Numenius borealis,6.0
1181,121,1,Sterna dougallii,3.0
1183,121,1,Sterna hirundinacea,3.0
1185,121,1,Thalasseus maximus,4.0
1187,121,1,Thalasseus acuflavidus,3.0
1189,122,3,Ananteris infuscata,4.0
1191,122,3,Troglorhopalurus translucidus,4.0
1193,123,3,Hadrurochactas araripe,5.0
1195,123,3,Hadrurochactas brejo,5.0
1197,124,3,Oncinocampa trajanoae,5.0
1199,125,6,Lycalopex vetulus,3.0
1201,125,6,Chrysocyon brachyurus,3.0
1203,125,6,Speothos venaticus,3.0
1205,125,6,Atelocynus microtis,3.0
1207,126,6,Leopardus geoffroyi,3.0
1209,126,6,Leopardus guttulus,3.0
1211,126,6,Leopardus tigrinus,4.0
1213,126,6,Leopardus wiedii,3.0
1215,126,6,Panthera onca,3.0
1217,126,6,Herpailurus yagouaroundi,3.0
1219,126,6,Leopardus colocolo,3.0
1221,127,6,Pteronura brasiliensis,3.0
1223,128,3,Tisentnops onix,5.0
1225,128,3,Carajas paraua,4.0
1227,129,3,Ianduba paubrasil,4.0
1229,130,3,Celaetycheus mungunza,5.0
1231,130,3,Isoctenus corymbus,5.0
1233,131,3,Harmonicon cerberus,5.0
1235,132,3,Drymusa spelunca,5.0
1237,133,3,Brasilomma enigmatica,4.0
1239,133,3,Tricongius ybyguara,3.0
1241,134,3,Speocera eleonorae,4.0
1243,134,3,Ochyrocera ibitipoca,4.0
1245,135,3,Metagonia potiguar,5.0
1247,135,3,Metagonia diamantina,5.0
1249,136,3,Matagaia chromatopus,3.0
1251,136,3,Neonella noronha,3.0
1253,137,3,Ariadna aurea,3.0
1255,138,3,Loxosceles troglobia,3.0
1257,139,3,Typhochlaena curumim,5.0
1259,139,3,Tmesiphantes hypogeus,5.0
1261,139,3,Ybyrapora diversipes,4.0
1263,139,3,Ybyrapora gamba,5.0
1265,139,3,Typhochlaena seladonia,4.0
1267,139,3,Dolichothele diamantinensis,4.0
1269,139,3,Pterinopelma sazimai,3.0
1271,140,1,Nyctiprogne vielliardi,4.0
1273,140,1,Hydropsalis candicans,4.0
1275,141,3,Coarazuphium caatinga,4.0
1277,141,3,Coarazuphium cessaima,4.0
1279,141,3,Coarazuphium formoso,5.0
1281,141,3,Coarazuphium pains,4.0
1283,141,3,Coarazuphium ricardoi,5.0
1285,141,3,Coarazuphium tapiaguassu,4.0
1287,141,3,Coarazuphium tessai,5.0
1289,141,3,Schizogenius ocellatus,4.0
1291,141,3,Coarazuphium amazonicus,5.0
1293,141,3,Coarazuphium spinifemur,5.0
1295,142,3,Hypocephalus armatus,3.0
1297,143,3,Ceracis cassumbensis,4.0
1299,144,4,Copelatus cessaima,4.0
1301,145,3,Amydetes bellorum,4.0
1303,146,3,Altitatiayus campoi,3.0
1305,146,3,Altitatiayus dulceae,3.0
1307,146,3,Altitatiayus godinhorum,3.0
1309,146,3,Altitatiayus koikei,3.0
1311,146,3,Altitatiayus rotundatus,3.0
1313,146,3,Altitatiayus ruficollis,3.0
1315,146,3,Altitatiayus trifurcatus,3.0
1317,147,3,Cartagonum apiuba,5.0
1319,147,3,Lycomorphon brasiliense,5.0
1321,148,3,Ateuchus squalidus,3.0
1323,148,3,Canthon corpulentus,3.0
1325,148,3,Canthon quadripunctatus,3.0
1327,148,3,Dichotomius eucranioides,4.0
1329,148,3,Dichotomius mysticus,4.0
1331,148,3,Dichotomius schiffleri,4.0
1333,148,3,Pedaridium hirsutum,3.0
1335,149,3,Metopiellus painensis,4.0
1337,150,9,Carcharhinus longimanus,3.0
1339,150,9,Carcharhinus obscurus,4.0
1341,150,9,Carcharhinus perezi,3.0
1343,150,9,Carcharhinus signatus,4.0
1345,150,9,Negaprion brevirostris,4.0
1347,150,9,Carcharhinus galapagensis,5.0
1349,150,9,Carcharhinus porosus,5.0
1351,150,9,Isogomphodon oxyrhynchus,5.0
1353,150,9,Carcharhinus plumbeus,5.0
1355,151,9,Sphyrna lewini,5.0
1357,151,9,Sphyrna media,5.0
1359,151,9,Sphyrna mokarran,5.0
1361,151,9,Sphyrna tiburo,5.0
1363,151,9,Sphyrna tudes,5.0
1365,151,9,Sphyrna zygaena,5.0
1367,152,9,Galeorhinus galeus,5.0
1369,152,9,Mustelus canis,4.0
1371,152,9,Mustelus fasciatus,5.0
1373,152,9,Mustelus schmitti,5.0
1375,153,2,Cassidulus mitis,4.0
1377,154,6,Kerodon rupestris,3.0
1379,154,6,Kerodon acrobata,3.0
1381,154,6,Cavia intermedia,5.0
1383,155,6,Akodon mystax,3.0
1385,155,6,Gyldenstolpia planaltensis,4.0
1387,155,6,Oligoryzomys rupestris,4.0
1389,155,6,Rhipidomys cariri,3.0
1391,155,6,Rhipidomys tribei,4.0
1393,155,6,Thalpomys cerradensis,3.0
1395,155,6,Wilfredomys oenax,4.0
1397,155,6,Cerradomys goytaca,4.0
1399,155,6,Euryoryzomys lamia,4.0
1401,155,6,Thalpomys lasiotis,4.0
1403,155,6,Microakodontomys transitorius,4.0
1405,155,6,Juscelinomys candango,7.0
1407,155,6,Noronhomys vespuccii,9.0
1409,156,6,Ctenomys flamarioni,4.0
1411,156,6,Ctenomys bicolor,4.0
1413,156,6,Ctenomys lami,4.0
1415,156,6,Ctenomys minutus,3.0
1417,157,6,Phyllomys lundi,4.0
1419,157,6,Phyllomys thomasi,4.0
1421,157,6,Trinomys mirapitanga,4.0
1423,157,6,Trinomys yonenagae,4.0
1425,157,6,Callistomys pictus,4.0
1427,157,6,Trinomys eliasi,3.0
1429,157,6,Trinomys moojeni,4.0
1431,157,6,Phyllomys brasiliensis,4.0
1433,157,6,Phyllomys unicolor,5.0
1435,158,6,Chaetomys subspinosus,3.0
1437,158,6,Coendou speratus,4.0
1439,159,6,Blastocerus dichotomus,3.0
1441,159,6,Mazama nana,3.0
1443,159,6,Ozotoceros bezoarticus bezoarticus,3.0
1445,159,6,Ozotoceros bezoarticus leucogaster,10.0
1447,160,6,Tayassu pecari,3.0
1449,161,9,Prognathodes obliquus,3.0
1451,162,8,Crenicichla empheres,3.0
1453,162,8,Crenicichla hadrostigma,3.0
1455,162,8,Crenicichla cyclostoma,5.0
1457,162,8,Crenicichla heckeli,3.0
1459,162,8,Crenicichla jegui,4.0
1461,162,8,Crenicichla urosema,4.0
1463,162,8,Teleocichla cinderella,4.0
1465,162,8,Teleocichla prionogenys,3.0
1467,162,8,Teleocichla wajapi,4.0
1469,162,8,Crenicichla jupiaensis,4.0
1471,162,8,Teleocichla centisquama,4.0
1473,163,9,Epinephelus marginatus,3.0
1475,163,9,Epinephelus morio,3.0
1477,163,9,Epinephelus itajara,5.0
1479,164,9,Elacatinus figaro,3.0
1481,165,9,Makaira nigricans,4.0
1483,165,9,Kajikia albida,3.0
1485,166,9,Halichoeres rubrovirens,3.0
1487,167,9,Malacoctenus brunoi,3.0
1489,168,9,Lutjanus cyanopterus,3.0
1491,168,9,Lutjanus purpureus,3.0
1493,169,9,Lopholatilus villarii,3.0
1495,170,9,Cerdale fasciata,4.0
1497,171,9,Polyprion americanus,5.0
1499,172,9,Stegastes trindadensis,3.0
1501,172,9,Stegastes sanctipauli,3.0
1503,172,9,Stegastes rocasensis,3.0
1505,172,9,Microspathodon chrysurus,3.0
1507,173,9,Scarus trispinosus,4.0
1509,173,9,Scarus zelindae,3.0
1511,173,9,Sparisoma axillare,3.0
1513,173,9,Sparisoma frondosum,3.0
1515,173,9,Sparisoma rocha,3.0
1517,174,9,Thunnus thynnus,4.0
1519,175,9,Choranthias salmopunctatus,3.0
1521,175,9,Hyporthodus nigritus,4.0
1523,175,9,Hyporthodus niveatus,3.0
1525,175,9,Mycteroperca bonaci,3.0
1527,175,9,Mycteroperca interstitialis,3.0
1529,176,9,Enneanectes smithi,3.0
1531,177,3,Charinus acaraje,3.0
1533,177,3,Charinus potiguar,3.0
1535,177,3,Charinus caatingae,5.0
1537,177,3,Charinus eleonorae,4.0
1539,177,3,Charinus troglobius,4.0
1541,177,3,Charinus ferreus,5.0
1543,177,3,Charinus taboa,5.0
1545,177,3,Charinus spelaeus,3.0
1547,177,3,Charinus asturius,4.0
1549,178,3,Leodesmus yporangae,4.0
1551,178,3,Sandalodesmus stramineus,3.0
1553,178,3,Dioplosternus salvatrix,3.0
1555,178,3,Odontopeltis giganteus,3.0
1557,179,3,Peridontodesmella alba,3.0
1559,180,3,Dobrodesmus mirabilis,5.0
1561,181,10,Caretta caretta,3.0
1563,181,10,Eretmochelys imbricata,4.0
1565,181,10,Lepidochelys olivacea,3.0
1567,182,10,Dermochelys coriacea,5.0
1569,183,3,Ferricixius davidi,5.0
1571,184,3,Iuiuia caeca,3.0
1573,184,3,Kinnapotiguara troglobia,3.0
1575,185,4,Aceratobasis cornicauda,3.0
1577,185,4,Aceratobasis mourei,4.0
1579,185,4,Fluminagrion taxaense,7.0
1581,185,4,Homeoura lindneri,3.0
1583,185,4,Leptagrion bocainense,3.0
1585,186,1,Columbina cyanopis,5.0
1587,187,1,Conopophaga cearae,4.0
1589,187,1,Conopophaga lineata lineata,3.0
1591,188,1,Cyanocorax hafferi,3.0
1593,189,1,Procnias albus wallacei,3.0
1595,189,1,Xipholena lamellipennis,3.0
1597,189,1,Calyptura cristata,7.0
1599,189,1,Cotinga maculata,4.0
1601,189,1,Lipaugus conditus,3.0
1603,189,1,Xipholena atropurpurea,3.0
1605,190,1,Xiphorhynchus guttatoides gracilirostris,4.0
1607,190,1,Dendrexetastes rufigula paraensis,3.0
1609,190,1,Dendrocincla merula badia,3.0
1611,190,1,Campylorhamphus cardosoi,3.0
1613,190,1,Campylorhamphus multostriatus,3.0
1615,190,1,Dendrocolaptes medius,3.0
1617,190,1,Dendrocolaptes retentus,3.0
1619,190,1,Hylexetastes brigidai,3.0
1621,190,1,Hylexetastes uniformis,3.0
1623,190,1,Xiphocolaptes carajaensis,3.0
1625,190,1,Campylorhamphus trochilirostris trochilirostris,3.0
1627,190,1,Dendrocincla taunayi,4.0
1629,190,1,Xiphorhynchus atlanticus,3.0
1631,191,1,Chamaeza nobilis fulvipectus,3.0
1633,192,1,Spinus yarrellii,3.0
1635,193,1,Asthenes hudsoni,3.0
1637,193,1,Asthenes luizae,4.0
1639,193,1,Synallaxis kollari,3.0
1641,193,1,Anabazenops dorsalis,3.0
1643,193,1,Xiphocolaptes falcirostris,3.0
1645,193,1,Pseudoseisura lophotes,3.0
1647,193,1,Syndactyla ucayalae,3.0
1649,193,1,Cinclodes espinhacensis,4.0
1651,193,1,Acrobatornis fonsecai,3.0
1653,193,1,Automolus lammi,4.0
1655,193,1,Coryphistera alaudina,5.0
1657,193,1,Leptasthenura platensis,5.0
1659,193,1,Thripophaga macroura,3.0
1661,193,1,Synallaxis infuscata,4.0
1663,193,1,Cichlocolaptes mazarbarnetti,9.0
1665,194,1,Grallaria varia distincta,3.0
1667,194,1,Hylopezus paraensis,3.0
1669,194,1,Hylopezus whittakeri,3.0
1671,194,1,Grallaria varia intercedens,4.0
1673,195,1,Cacicus koepckeae,3.0
1675,195,1,Xanthopsar flavus,3.0
1677,195,1,Anumara forbesi,3.0
1679,196,1,Anthus nattereri,3.0
1681,197,1,Oxyruncus cristatus tocantinsi,3.0
1683,198,1,Arremonops conirostris,4.0
1685,199,1,Antilophia bokermanni,5.0
1687,199,1,Lepidothrix iris iris,4.0
1689,199,1,Lepidothrix iris,4.0
1691,199,1,Lepidothrix vilasboasi,4.0
1693,199,1,Neopelma aurifrons,4.0
1695,200,1,Platyrinchus leucoryphus,3.0
1697,201,1,Scytalopus diamantinensis,4.0
1699,201,1,Scytalopus gonzagai,4.0
1701,201,1,Scytalopus novacapitalis,4.0
1703,201,1,Eleoscytalopus psychopompus,4.0
1705,201,1,Merulaxis stresemanni,5.0
1707,201,1,Scytalopus iraiensis,4.0
1709,202,1,Phylloscartes beckeri,4.0
1711,202,1,Phylloscartes ceciliae,5.0
1713,202,1,Hemitriccus mirandae,4.0
1715,202,1,Cnipodectes superrufus,3.0
1717,202,1,Poecilotriccus albifacies,3.0
1719,202,1,Phylloscartes roquettei,4.0
1721,202,1,Hemitriccus kaempferi,3.0
1723,203,1,Geositta poeciloptera,3.0
1725,203,1,Sclerurus cearensis,4.0
1727,203,1,Sclerurus caudacutus caligineus,5.0
1729,203,1,Sclerurus caudacutus umbretta,5.0
1731,203,1,Sclerurus macconnelli bahiae,4.0
1733,204,1,Phlegopsis nigromaculata paraensis,3.0
1735,204,1,Clytoctantes atrogularis,3.0
1737,204,1,Formicivora grantsaui,4.0
1739,204,1,Epinecrophylla dentei,3.0
1741,204,1,Myrmotherula oreni,3.0
1743,204,1,Thamnophilus nigrocinereus tschudii,4.0
1745,204,1,Phlegopsis borbae,3.0
1747,204,1,Hypocnemis ochrogyna,3.0
1749,204,1,Rhegmatorhina hoffmannsi,3.0
1751,204,1,Rhopornis ardesiacus,4.0
1753,204,1,Thamnophilus caerulescens cearensis,3.0
1755,204,1,Thamnomanes caesius caesius,3.0
1757,204,1,Phlegopsis nigromaculata confinis,3.0
1759,204,1,Thamnophilus nigrocinereus huberi,3.0
1761,204,1,Hypocnemis hypoxantha ochraceiventris,3.0
1763,204,1,Hypocnemis striata,3.0
1765,204,1,Rhegmatorhina gymnops,3.0
1767,204,1,Dysithamnus plumbeus,4.0
1769,204,1,Formicivora erythronotos,5.0
1771,204,1,Formicivora paludicola,5.0
1773,204,1,Myrmotherula fluminensis,7.0
1775,204,1,Myrmotherula snowi,5.0
1777,204,1,Formicivora littoralis,4.0
1779,204,1,Myrmoderus ruficauda,4.0
1781,204,1,Formicivora acutirostris,3.0
1783,204,1,Myrmotherula minor,3.0
1785,204,1,Myrmotherula urosticta,3.0
1787,204,1,Pyriglena atra,4.0
1789,204,1,Pyriglena pernambucensis,3.0
1791,204,1,Terenura sicki,5.0
1793,204,1,Thamnophilus aethiops distans,4.0
1795,204,1,Thamnophilus caerulescens pernambucensis,3.0
1797,205,1,Sporophila hypoxantha,3.0
1799,205,1,Sporophila palustris,3.0
1801,205,1,Sporophila ruficollis,3.0
1803,205,1,Conothraupis mesoleuca,4.0
1805,205,1,Coryphaspiza melanotis,3.0
1807,205,1,Tangara fastuosa,3.0
1809,205,1,Tangara cyanocephala cearensis,3.0
1811,205,1,Sporophila beltoni,3.0
1813,205,1,Tangara velia signata,3.0
1815,205,1,Sporophila nigrorufa,3.0
1817,205,1,Sporophila maximiliani,5.0
1819,205,1,Gubernatrix cristata,5.0
1821,205,1,Nemosia rourei,5.0
1823,205,1,Sporophila falcirostris,3.0
1825,205,1,Sporophila frontalis,3.0
1827,205,1,Sporophila melanogaster,3.0
1829,206,1,Iodopleura pipra,4.0
1831,206,1,Schiffornis turdina intermedia,3.0
1833,206,1,Iodopleura pipra leucopygia,4.0
1835,206,1,Laniisoma elegans,4.0
1837,206,1,Onychorhynchus swainsoni,3.0
1839,206,1,Iodopleura pipra pipra,4.0
1841,207,1,Cyphorhinus griseolateralis,3.0
1843,208,1,Cichlopsis leucogenys,4.0
1845,209,1,Alectrurus tricolor,3.0
1847,209,1,Stigmatura napensis napensis,3.0
1849,209,1,Phyllomyias reiseri,4.0
1851,209,1,Contopus nigrescens,3.0
1853,209,1,Serpophaga hypoleuca pallida,3.0
1855,209,1,Knipolegus franciscanus,3.0
1857,209,1,Attila spadiceus uropygiatus,4.0
1859,209,1,Elaenia ridleyana,3.0
1861,209,1,Platyrinchus mystaceus niveigularis,3.0
1863,210,1,Vireo gracilirostris,3.0
1865,211,1,Xenops minutus alagoanus,3.0
1867,212,1,Aburria cujubi,3.0
1869,212,1,Crax globulosa,4.0
1871,212,1,Penelope superciliaris alagoensis,5.0
1873,212,1,Penelope jacucaca,3.0
1875,212,1,Crax fasciolata pinima,5.0
1877,212,1,Penelope pileata,3.0
1879,212,1,Aburria jacutinga,4.0
1881,212,1,Crax blumenbachii,4.0
1883,212,1,Pauxi mitu,8.0
1885,213,1,Odontophorus capueira plumbeicollis,5.0
1887,214,3,Parapoynx restingalis,3.0
1889,215,3,Drephalys mourei,5.0
1891,215,3,Parelbella polyzona,4.0
1893,215,3,Pseudocroniades machaon seabrai,5.0
1895,215,3,Turmosa camposa,4.0
1897,215,3,Drephalys miersi,4.0
1899,215,3,Zonia zonia diabo,4.0
1901,216,3,Magnastigma julia,4.0
1903,216,3,Strymon ohausi,4.0
1905,216,3,Arawacus aethesa,4.0
1907,217,3,Actinote quadra,3.0
1909,217,3,Dasyophthalma geraensis,5.0
1911,217,3,Dasyophthalma rusina delanira,4.0
1913,217,3,Dasyophthalma vertebralis,7.0
1915,217,3,Doxocopa zalmunna,7.0
1917,217,3,Episcada vitrea,4.0
1919,217,3,Eresia erysice erysice,5.0
1921,217,3,Euptychia boulleti,5.0
1923,217,3,Hamadryas velutina browni,4.0
1925,217,3,Heliconius nattereri,4.0
1927,217,3,Hyalyris fiammetta,7.0
1929,217,3,Mcclungia cymo fallens,5.0
1931,217,3,Melinaea mnasias thera,5.0
1933,217,3,Morpho epistrophus nikolajewna,5.0
1935,217,3,Morpho menelaus eberti,5.0
1937,217,3,Napeogenes rhezia rhezia,5.0
1939,217,3,Orobrassolis ornamentalis,5.0
1941,217,3,Pampasatyrus glaucope glaucope,4.0
1943,217,3,Pampasatyrus gyrtone,4.0
1945,217,3,Paulogramma hydarnis,4.0
1947,217,3,Polygrapha suprema,4.0
1949,217,3,Prepona deiphile,3.0
1951,217,3,Scada karschina delicata,5.0
1953,217,3,Tithorea harmonia caissara,3.0
1955,217,3,Adelpha atlantica,4.0
1957,217,3,Forsterinaria itatiaia,3.0
1959,217,3,Pampasatyrus glaucope eberti,3.0
1961,217,3,Pampasatyrus reticulata gagarini,4.0
1963,217,3,Praepedaliodes sequeirae,5.0
1965,217,3,Yphthimoides iserhardi,4.0
1967,217,3,Actinote zikani,5.0
1969,217,3,Pampasatyrus glaucope boenninghauseni,4.0
1971,218,3,Heraclides himeros baia,4.0
1973,218,3,Heraclides himeros himeros,4.0
1975,218,3,Mimoides lysithous harrisianus,5.0
1977,218,3,Mimoides lysithous sebastianus,3.0
1979,218,3,Parides ascanius,4.0
1981,218,3,Parides bunichus chamissonia,5.0
1983,218,3,Parides burchellanus,5.0
1985,218,3,Parides klagesi,5.0
1987,218,3,Parides panthonus castilhoi,5.0
1989,218,3,Parides tros danunciae,4.0
1991,219,3,Charonias theano,4.0
1993,219,3,Cunizza hirlanda fulvinota,3.0
1995,219,3,Cunizza hirlanda planasia,3.0
1997,219,3,Glennia pylotis,4.0
1999,219,3,Moschoneura pinthous methymna,3.0
2001,219,3,Perrhybris pamela flava,4.0
2003,220,3,Joiceya praeclarus,5.0
2005,220,3,Panara ovifera,3.0
2007,220,3,Petrocerus catiena,4.0
2009,220,3,Rhetus belphegor,5.0
2011,220,3,Voltinia sanarita,4.0
2013,221,3,Dirphia monticola,3.0
2015,222,3,Nyceryx mielkei,5.0
2017,223,3,Spinopilar moria,5.0
2019,224,3,Spaeleoleptes spaeleus,4.0
2021,225,3,Gonycranaus pluto,3.0
2023,226,3,Discocyrtus pedrosoi,3.0
2025,226,3,Eusarcus elinae,4.0
2027,226,3,Giupponia chagasi,4.0
2029,226,3,Iandumoema setimapocu,3.0
2031,226,3,Iandumoema smeagol,4.0
2033,226,3,Iandumoema uai,5.0
2035,226,3,Pachylospeleus strinatii,5.0
2037,227,3,Relictopiolus galadriel,5.0
2039,228,3,Cryptops iporangensis,4.0
2041,228,3,Cryptops spelaeoraptor,5.0
2043,229,3,Scolopendropsis duplicata,5.0
2045,230,3,Newportia potiguar,3.0
2047,230,3,Newportia spelaea,5.0
2049,230,3,Scolopocryptops troglocaudatus,4.0
2051,231,1,Neomorphus geoffroyi geoffroyi,7.0
2053,231,1,Neomorphus geoffroyi,3.0
2055,231,1,Neomorphus geoffroyi amazonicus,3.0
2057,231,1,Neomorphus squamiger,3.0
2059,231,1,Neomorphus geoffroyi dulcis,4.0
2061,232,9,Bathytoshia centroura,5.0
2063,232,9,Fontitrygon colarensis,3.0
2065,232,9,Hypanus marianae,3.0
2067,233,9,Gymnura altavela,5.0
2069,234,9,Myliobatis goodei,5.0
2071,234,9,Myliobatis ridens,5.0
2073,234,9,Mobula mobular,3.0
2075,234,9,Mobula tarapacana,3.0
2077,234,9,Mobula thurstoni,3.0
2079,234,9,Rhinoptera brasiliensis,5.0
2081,234,9,Myliobatis freminvillei,4.0
2083,235,8,Paratrygon aiereba,5.0
2085,236,9,Atlantoraja cyclophora,3.0
2087,236,9,Atlantoraja castelnaui,4.0
2089,236,9,Rioraja agassizii,3.0
2091,236,9,Sympterygia acuta,4.0
2093,236,9,Sympterygia bonapartii,4.0
2095,237,9,Zapteryx brevirostris,3.0
2097,237,9,Pseudobatos horkelii,5.0
2099,237,9,Pseudobatos percellens,3.0
2101,238,9,Urotrygon microphthalmum,3.0
2103,239,6,Priodontes maximus,3.0
2105,239,6,Tolypeutes tricinctus,4.0
2107,240,4,Hausera hauseri,3.0
2109,241,4,Girardia multidiverticulata,5.0
2111,241,4,Girardia desiderensis,5.0
2113,241,4,Girardia arenicola,5.0
2115,241,4,Girardia paucipuntacta,5.0
2117,242,4,Sluysia triapertura,5.0
2119,243,1,Thalassarche chlororhynchos,4.0
2121,243,1,Diomedea epomophora,3.0
2123,243,1,Diomedea sanfordi,4.0
2125,243,1,Diomedea exulans,5.0
2127,243,1,Diomedea dabbenena,5.0
2129,244,1,Procellaria conspicillata,3.0
2131,244,1,Pterodroma madeira,4.0
2133,244,1,Pterodroma deserta,3.0
2135,244,1,Pterodroma incerta,4.0
2137,244,1,Procellaria aequinoctialis,3.0
2139,244,1,Puffinus lherminieri,5.0
2141,244,1,Pterodroma arminjoniana,5.0
2143,245,3,Pseudosinella ambigua,3.0
2145,245,3,Pseudosinella guanhaensis,5.0
2147,245,3,Seira arenicola,4.0
2149,245,3,Seira mataraquensis,4.0
2151,245,3,Seira musarum,3.0
2153,245,3,Seira pseudoannulata,4.0
2155,246,3,Archisotoma arariboia,5.0
2157,246,3,Isotomiella uai,3.0
2159,246,3,Archisotoma catiae,5.0
2161,246,3,Isotomodes cariocus,5.0
2163,246,3,Psammisotoma restingae,5.0
2165,246,3,Arlea arenicola,5.0
2167,246,3,Paracerura gandarela,3.0
2169,246,3,Isotomurus riparius,5.0
2171,246,3,Arlea psammophila,5.0
2173,247,3,Eukoenenia potiguar,3.0
2175,247,3,Eukoenenia maquinensis,3.0
2177,247,3,Eukoenenia sagarana,5.0
2179,247,3,Eukoenenia spelunca,5.0
2181,247,3,Eukoenenia virgemdalapa,5.0
2183,247,3,Eukoenenia jequitinhonha,5.0
2185,247,3,Eukoenenia cavatica,5.0
2187,247,3,Eukoenenia eywa,4.0
2189,247,3,Eukoenenia navi,5.0
2191,247,3,Eukoenenia neytiri,4.0
2193,247,3,Leptokoenenia pelada,5.0
2195,247,3,Leptokoenenia thalassophobica,4.0
2197,248,2,Eunice sebastiani,4.0
2199,249,2,Diopatra cuprea,3.0
2201,250,1,Fregata trinitatis,5.0
2203,250,1,Fregata minor,5.0
2205,251,1,Sula sula,4.0
2207,252,6,Furipterus horrens,3.0
2209,253,6,Natalus macrourus,3.0
2211,254,6,Lonchophylla bokermanni,3.0
2213,254,6,Lonchophylla dekeyseri,4.0
2215,255,9,Ginglymostoma cirratum,3.0
2217,256,9,Rhincodon typus,3.0
2219,257,3,Glomeridesmus spelaeus,4.0
2221,258,3,Fimoscolex sporadochaetus,4.0
2223,259,2,Halichondria cebimarensis,3.0
2225,259,2,Halichondria tenebrica,3.0
2227,260,9,Notorynchus cepedianus,5.0
2229,261,3,Rowlandius ubajara,5.0
2231,262,2,Latrunculia janeirensis,3.0
2233,263,3,Megalobulimus cardosoi,5.0
2235,264,3,Gonyostomus insularis,4.0
2237,265,9,Megalops atlanticus,3.0
2239,266,3,Corvomeyenia epilithosa,3.0
2241,267,4,Racekiela cavernicola,3.0
2243,268,2,Millepora laboreli,3.0
2245,269,2,Mussismilia braziliensis,3.0
2247,269,2,Mussismilia harttii,4.0
2249,270,3,Mycetopoda legumen,4.0
2251,271,9,Narcine brasiliensis,3.0
2253,272,3,Cubacubana spelaea,3.0
2255,273,1,Nyctibius leucopterus,5.0
2257,273,1,Nyctibius aethereus aethereus,4.0
2259,274,2,Linckia guildingi,3.0
2261,275,2,Oreaster reticulatus,3.0
2263,276,9,Ophidion holbrookii,5.0
2265,276,9,Otophidium chickcharney,7.0
2267,277,3,Troglobius brasiliensis,5.0
2269,277,3,Troglobius ferroicus,5.0
2271,277,3,Trogolaphysa aelleni,5.0
2273,278,3,Pararrhopalites papaveroi,4.0
2275,278,3,Pararrhopalites sideroicus,5.0
2277,278,3,Pararrhopalites wallacei,5.0
2279,278,3,Pararrhopalites ubiquum,3.0
2281,279,2,Euvola ziczac,4.0
2283,280,3,Epiperipatus ohausi,4.0
2285,280,3,Epiperipatus paurognostus,5.0
2287,280,3,Epiperipatus adenocryptus,5.0
2289,280,3,Epiperipatus diadenoproctus,3.0
2291,281,1,Phaethon aethereus,4.0
2293,281,1,Phaethon lepturus,4.0
2295,282,3,Endecous apterus,4.0
2297,282,3,Endecous peruassuensis,4.0
2299,283,1,Celeus obrieni,3.0
2301,283,1,Celeus torquatus pieteroyensi,3.0
2303,283,1,Piculus paraensis,3.0
2305,283,1,Celeus flavus subflavus,5.0
2307,283,1,Celeus galeatus,4.0
2309,283,1,Celeus torquatus tinnunculus,4.0
2311,283,1,Piculus polyzonus,4.0
2313,284,1,Selenidera gouldii baturitensis,4.0
2315,284,1,Pteroglossus bitorquatus bitorquatus,3.0
2317,284,1,Capito dayi,3.0
2319,285,4,Spiripockia punctata,5.0
2321,286,2,Eustrombus goliath,3.0
2323,287,2,Petaloconchus myrakeenae,3.0
2325,288,9,Pristis pectinata,7.0
2327,288,9,Pristis pristis,5.0
2329,289,3,Pseudonannolene lundi,5.0
2331,290,3,Pseudonannolene ambuatinga,4.0
2333,290,3,Pseudonannolene spelaea,5.0
2335,290,3,Pseudonannolene imbirensis,4.0
2337,290,3,Pseudonannolene tocaiensis,5.0
2339,291,1,Aratinga solstitialis,4.0
2341,291,1,Pyrrhura molinae,3.0
2343,291,1,Anodorhynchus leari,4.0
2345,291,1,Cyanopsitta spixii,5.0
2347,291,1,Pyrrhura griseipectus,4.0
2349,291,1,Pyrrhura pfrimeri,4.0
2351,291,1,Guaruba guarouba,3.0
2353,291,1,Pyrilia vulturina,3.0
2355,291,1,Pyrrhura amazonum,3.0
2357,291,1,Pyrrhura perlata,3.0
2359,291,1,Pyrrhura anerythra,3.0
2361,291,1,Pyrrhura coerulescens,3.0
2363,291,1,Amazona pretrei,3.0
2365,291,1,Amazona rhodocorytha,3.0
2367,291,1,Amazona vinacea,3.0
2369,291,1,Pionus reichenowi,3.0
2371,291,1,Pyrrhura cruentata,3.0
2373,291,1,Pyrrhura leucotis,3.0
2375,291,1,Touit melanonotus,3.0
2377,291,1,Touit surdus,3.0
2379,291,1,Anodorhynchus glaucus,6.0
2381,292,1,Psophia dextralis,3.0
2383,292,1,Psophia interjecta,4.0
2385,292,1,Psophia obscura,5.0
2387,293,1,Laterallus xenopterus,4.0
2389,294,9,Scorpaenodes insularis,3.0
2391,295,2,Willeya loya,5.0
2393,296,9,Squatina argentina,5.0
2395,296,9,Squatina guggenheim,5.0
2397,296,9,Squatina occulta,5.0
2399,297,1,Pulsatrix perspicillata pulsatrix,5.0
2401,297,1,Glaucidium mooreorum,9.0
2403,297,1,Strix huhula albomarginata,3.0
2405,298,2,Synaptula secreta,5.0
2407,299,9,Hippocampus patagonicus,3.0
2409,299,9,Hippocampus erectus,3.0
2411,299,9,Hippocampus reidi,3.0
2413,300,6,Tapirus terrestris,3.0
2415,301,1,Nothura minor,4.0
2417,301,1,Taoniscus nanus,4.0
2419,301,1,Tinamus tao,3.0
2421,302,2,Lytechinus variegatus,3.0
2423,303,7,Trichechus inunguis,3.0
2425,303,7,Trichechus manatus,4.0
2427,304,1,Phaethornis aethopygus,3.0
2429,304,1,Augastes lumachella,4.0
2431,304,1,Colibri delphinae greenewalti,4.0
2433,304,1,Lophornis gouldii,3.0
2435,304,1,Campylopterus calcirupicola,4.0
2437,304,1,Discosura langsdorffi langsdorffi,4.0
2439,304,1,Glaucis dohrnii,3.0
2441,304,1,Phaethornis margarettae,4.0
2443,304,1,Thalurania watertonii,4.0
2445,305,1,Trogon collaris eytoni,4.0
2447,306,3,Phyllocaulis renschi,5.0
